{"loss": [0.005433450918644667, 0.005249424371868372, 0.005197191145271063, 0.00510820746421814, 0.005091571714729071, 0.005052214954048395, 0.005021035671234131, 0.004990609362721443, 0.004951204173266888, 0.004933701362460852, 0.004927477799355984, 0.004883329849690199, 0.00488092890009284, 0.004835604690015316, 0.004824331495910883, 0.004831710830330849, 0.00477956235408783, 0.004769877064973116, 0.0047547523863613605, 0.004725894890725613, 0.004711648914963007, 0.004709387198090553, 0.004690917208790779, 0.004671280737966299, 0.004657158628106117, 0.004640395753085613, 0.004635963123291731, 0.004616496153175831, 0.004601157270371914, 0.004581804852932692, 0.004590751137584448, 0.004547452554106712, 0.004550398793071508, 0.004542062059044838, 0.004518522415310144, 0.004509552847594023, 0.00452208099886775, 0.0044646295718848705, 0.004479250404983759, 0.004462607204914093, 0.004443155601620674, 0.004441652912646532, 0.004426383413374424, 0.004415771923959255, 0.004406748339533806, 0.0043891118839383125, 0.004405371844768524, 0.004348265938460827, 0.004375691059976816, 0.004332410637289286, 0.004351298324763775, 0.004317581187933683, 0.004328109323978424, 0.004315796308219433, 0.004295896738767624, 0.004303117282688618, 0.00426902063190937, 0.004269253462553024, 0.004263057839125395, 0.004251378588378429, 0.004253305494785309, 0.00422848341986537, 0.004211799707263708, 0.00422064121812582, 0.004197903908789158, 0.00418825913220644, 0.004186145029962063, 0.00419014785438776, 0.004164538346230984, 0.004164466634392738, 0.0041422308422625065, 0.004138151649385691, 0.004147049970924854, 0.004115518182516098, 0.004115736577659845, 0.004111566115170717, 0.004111827816814184, 0.0040756287053227425, 0.004077961202710867, 0.0040864585898816586], "accuracy": [0.18401004374027252, 0.1840842068195343, 0.18411073088645935, 0.1841486543416977, 0.184156596660614, 0.18416962027549744, 0.1841840147972107, 0.18421638011932373, 0.1842339038848877, 0.18424154818058014, 0.18424364924430847, 0.18427062034606934, 0.18427151441574097, 0.18428754806518555, 0.1842803657054901, 0.18428725004196167, 0.1843271106481552, 0.18431542813777924, 0.18432846665382385, 0.18433625996112823, 0.1843349039554596, 0.1843486875295639, 0.1843593269586563, 0.1843608319759369, 0.1843675673007965, 0.1843726634979248, 0.18438495695590973, 0.18437805771827698, 0.184393048286438, 0.1843978464603424, 0.18439678847789764, 0.18442091345787048, 0.18441042304039001, 0.18441687524318695, 0.18443620204925537, 0.18444325029850006, 0.18443889915943146, 0.1844484955072403, 0.1844407021999359, 0.184443399310112, 0.18446826934814453, 0.18445028364658356, 0.1844654232263565, 0.18447111546993256, 0.18446916341781616, 0.18447470664978027, 0.18447096645832062, 0.1844870001077652, 0.1844925433397293, 0.18450213968753815, 0.18449299037456512, 0.1844944953918457, 0.18450407683849335, 0.18450018763542175, 0.1845165193080902, 0.18451876938343048, 0.18453089892864227, 0.18452656269073486, 0.1845325529575348, 0.18452925980091095, 0.18452970683574677, 0.1845502406358719, 0.18453989923000336, 0.1845533847808838, 0.18455098569393158, 0.18455293774604797, 0.18455742299556732, 0.1845533847808838, 0.1845659762620926, 0.1845640242099762, 0.18457676470279694, 0.1845632791519165, 0.18457315862178802, 0.18457825481891632, 0.18457840383052826, 0.18458020687103271, 0.18457330763339996, 0.18458020687103271, 0.18458110094070435, 0.18459339439868927], "val_loss": [0.00489351199939847, 0.00504909735172987, 0.004764075390994549, 0.0049920035526156425, 0.004844068083912134, 0.004723346792161465, 0.004810881335288286, 0.004879805259406567, 0.004747203551232815, 0.005013235844671726, 0.004629483446478844, 0.004743180237710476, 0.00458906963467598, 0.004685592371970415, 0.004576568491756916, 0.004540621768683195, 0.004548538941890001, 0.004611860495060682, 0.00468918401747942, 0.0046902974136173725, 0.004640877712517977, 0.004636210855096579, 0.0045119384303689, 0.004510571714490652, 0.004522012080997229, 0.004501407966017723, 0.004507448524236679, 0.004418316297233105, 0.004662166349589825, 0.004511618986725807, 0.004503299947828054, 0.004453850910067558, 0.004545719362795353, 0.0045112427324056625, 0.004332288634032011, 0.004727189429104328, 0.004408836830407381, 0.004392925649881363, 0.004327394533902407, 0.004394656512886286, 0.004547269083559513, 0.00441645085811615, 0.0043601240031421185, 0.004363800399005413, 0.004916704725474119, 0.004254502709954977, 0.004473719745874405, 0.0045193033292889595, 0.004997539799660444, 0.004447687417268753, 0.005362282507121563, 0.00442194240167737, 0.004275803454220295, 0.004543161019682884, 0.004337070044130087, 0.004228700418025255, 0.004323805216699839, 0.004334249533712864, 0.0046184007078409195, 0.004333868622779846, 0.004229413345456123, 0.004290890879929066, 0.004166125785559416, 0.004172783810645342, 0.004351882729679346, 0.004295832943171263, 0.004106173757463694, 0.0041613201610744, 0.004163861740380526, 0.00406832667067647, 0.004248030483722687, 0.004244068171828985, 0.004073423333466053, 0.004190283361822367, 0.004622799810022116, 0.004068855196237564, 0.004083855077624321, 0.004341308958828449, 0.004093888681381941, 0.004154490306973457], "val_accuracy": [0.15000134706497192, 0.150016188621521, 0.15009574592113495, 0.14997167885303497, 0.15005528926849365, 0.1501321643590927, 0.15002292394638062, 0.15002697706222534, 0.1501159816980362, 0.15005259215831757, 0.1501416116952896, 0.1500876545906067, 0.15015240013599396, 0.15007147192955017, 0.15012811124324799, 0.15015240013599396, 0.15017397701740265, 0.15005934238433838, 0.15009979903697968, 0.15009844303131104, 0.1500971019268036, 0.15013352036476135, 0.15014564990997314, 0.1502157747745514, 0.15017397701740265, 0.15013891458511353, 0.15013891458511353, 0.1501443088054657, 0.15003910660743713, 0.15012001991271973, 0.15017937123775482, 0.15018746256828308, 0.15012407302856445, 0.15010519325733185, 0.15017801523208618, 0.15021443367004395, 0.1502535343170166, 0.1501564383506775, 0.15017667412757874, 0.15023601055145264, 0.1501631885766983, 0.15019959211349487, 0.150184765458107, 0.15020768344402313, 0.150016188621521, 0.15029534697532654, 0.15015509724617004, 0.1502724140882492, 0.15003371238708496, 0.15025892853736877, 0.15001079440116882, 0.15020228922367096, 0.15023331344127655, 0.15018340945243835, 0.15027780830860138, 0.1503007411956787, 0.15026971697807312, 0.15016858279705048, 0.15008361637592316, 0.15020634233951569, 0.15024274587631226, 0.15024949610233307, 0.1502724140882492, 0.15028859674930573, 0.1502319574356079, 0.1502225250005722, 0.15028589963912964, 0.15027377009391785, 0.15024679899215698, 0.1502818614244461, 0.1502818614244461, 0.15025083720684052, 0.15030749142169952, 0.15025758743286133, 0.15023735165596008, 0.1502629816532135, 0.15026162564754486, 0.15027646720409393, 0.15028320252895355, 0.15028050541877747]}