{"loss": [0.007523952517658472, 0.007069301325827837, 0.006862971466034651, 0.006724004168063402, 0.006610848940908909, 0.006500845309346914, 0.0064039817079901695, 0.006354153156280518, 0.006266589742153883, 0.006194173824042082, 0.006156685296446085, 0.006086417939513922, 0.006040380802005529, 0.0059976414777338505, 0.005949793849140406, 0.0059115830808877945, 0.005860267672687769, 0.005819585174322128, 0.005775620695203543, 0.005746207665652037, 0.00569392554461956, 0.0056932722218334675, 0.005652215331792831, 0.005591969937086105, 0.005591660737991333, 0.005543381907045841, 0.005525445565581322, 0.005488101858645678, 0.00546740647405386, 0.0054398090578615665, 0.005410737823694944, 0.005400055553764105, 0.005345041863620281, 0.00534479646012187, 0.005306713283061981, 0.005287753418087959, 0.0052779861725866795, 0.005241381004452705, 0.005215270444750786, 0.005203677341341972, 0.005180110223591328, 0.005147935356944799, 0.005152953788638115, 0.005112865939736366, 0.0050947293639183044, 0.00509148882701993, 0.00506181875243783, 0.005036457441747189, 0.005034014116972685, 0.00500038405880332, 0.004991038236767054, 0.004984282422810793, 0.004940008278936148, 0.004953286144882441, 0.004913166165351868, 0.00489812484011054, 0.004892868455499411, 0.00487779313698411, 0.004849463701248169, 0.004854895174503326, 0.004820104222744703, 0.004807101562619209, 0.004815718159079552, 0.004779778886586428, 0.00475668627768755, 0.0047530229203403, 0.004744949284940958, 0.004714366979897022, 0.0047208634205162525, 0.004690695088356733, 0.004684677813202143, 0.004676327109336853, 0.004652086179703474, 0.004645517095923424, 0.004656744189560413, 0.004605407360941172, 0.004615292884409428], "accuracy": [0.1805555522441864, 0.1811758428812027, 0.18147718906402588, 0.18167169392108917, 0.18181546032428741, 0.18193234503269196, 0.18204353749752045, 0.18212579190731049, 0.18219982087612152, 0.18227699398994446, 0.18231841921806335, 0.1823880970478058, 0.18243072926998138, 0.1824742704629898, 0.18252506852149963, 0.18256574869155884, 0.18260762095451355, 0.18265250325202942, 0.1826901137828827, 0.18271701037883759, 0.18276159465312958, 0.18276990950107574, 0.18280093371868134, 0.18285059928894043, 0.18286484479904175, 0.18289443850517273, 0.18292537331581116, 0.18294140696525574, 0.1829749047756195, 0.18298718333244324, 0.18301618099212646, 0.1830337941646576, 0.18305806815624237, 0.18307650089263916, 0.18309050798416138, 0.18311111629009247, 0.18313786387443542, 0.18316423892974854, 0.18317247927188873, 0.18319697678089142, 0.18321113288402557, 0.1832326352596283, 0.18322820961475372, 0.1832689791917801, 0.183275043964386, 0.1832844763994217, 0.18331287801265717, 0.1833169311285019, 0.18332913517951965, 0.18335476517677307, 0.18335716426372528, 0.18337132036685944, 0.18339034914970398, 0.18338938057422638, 0.18342167139053345, 0.18342654407024384, 0.1834346354007721, 0.1834430992603302, 0.18346084654331207, 0.18346819281578064, 0.18348026275634766, 0.18350183963775635, 0.1834879070520401, 0.18350693583488464, 0.18353015184402466, 0.18352235853672028, 0.18353787064552307, 0.18356087803840637, 0.1835494190454483, 0.18357525765895844, 0.18358401954174042, 0.1835804283618927, 0.18359893560409546, 0.18360073864459991, 0.18360403180122375, 0.1836262047290802, 0.18363048136234283], "val_loss": [0.006508717779070139, 0.006646322086453438, 0.006162354256957769, 0.0061713275499641895, 0.006099706515669823, 0.006185242906212807, 0.006173260044306517, 0.0061216712929308414, 0.006067443639039993, 0.0063412669114768505, 0.006254269275814295, 0.0060137673281133175, 0.006035823840647936, 0.006217246409505606, 0.006020046304911375, 0.006013157777488232, 0.006339676212519407, 0.006020720116794109, 0.00599480327218771, 0.006131863687187433, 0.006573607679456472, 0.005902511067688465, 0.005939919035881758, 0.0061075459234416485, 0.006031014025211334, 0.005941669922322035, 0.005873378366231918, 0.005978328175842762, 0.005955441389232874, 0.006055941805243492, 0.0058572543784976006, 0.005733484867960215, 0.005947783123701811, 0.005712730344384909, 0.0057672010734677315, 0.005860477685928345, 0.006097144912928343, 0.005722522269934416, 0.005672058556228876, 0.005951191298663616, 0.005709221586585045, 0.005879400297999382, 0.0057077123783528805, 0.005949327722191811, 0.005808570887893438, 0.005804504733532667, 0.00571268517524004, 0.005717743653804064, 0.005641989875584841, 0.005907656159251928, 0.0058461143635213375, 0.005583661608397961, 0.005829920992255211, 0.005584546364843845, 0.0055458806455135345, 0.005717132240533829, 0.005695718340575695, 0.005589224863797426, 0.005795438773930073, 0.0056358990259468555, 0.005678684916347265, 0.0057242452166974545, 0.005539493635296822, 0.005684311036020517, 0.005475770216435194, 0.005517556332051754, 0.005432923324406147, 0.005876969546079636, 0.0056103989481925964, 0.005599275231361389, 0.005555937997996807, 0.005530981346964836, 0.005438034888356924, 0.005902931559830904, 0.005479780025780201, 0.005538869649171829, 0.005708144512027502], "val_accuracy": [0.1478678286075592, 0.14735400676727295, 0.1478051245212555, 0.14772960543632507, 0.14789682626724243, 0.14788806438446045, 0.14789548516273499, 0.14780984818935394, 0.14789818227291107, 0.1478206366300583, 0.14783816039562225, 0.14787794649600983, 0.14781996607780457, 0.14784424006938934, 0.14785704016685486, 0.14774039387702942, 0.14752258360385895, 0.1478806436061859, 0.14793661236763, 0.14771004021167755, 0.14741066098213196, 0.14784221351146698, 0.1478550285100937, 0.1479615718126297, 0.14774106442928314, 0.14776264131069183, 0.14797033369541168, 0.1480485498905182, 0.14791840314865112, 0.14786985516548157, 0.14785164594650269, 0.1480896770954132, 0.147989884018898, 0.14806810021400452, 0.14797437191009521, 0.1479993313550949, 0.14798516035079956, 0.14816924929618835, 0.14812205731868744, 0.1477869153022766, 0.1479831486940384, 0.1478799730539322, 0.14793257415294647, 0.14797909557819366, 0.14803370833396912, 0.14787861704826355, 0.1480053961277008, 0.14815373718738556, 0.1480303406715393, 0.14815913140773773, 0.14818812906742096, 0.14811530709266663, 0.1481207013130188, 0.14823803305625916, 0.1481955498456955, 0.14801685512065887, 0.14795684814453125, 0.14810991287231445, 0.14815643429756165, 0.1481523960828781, 0.14830951392650604, 0.14807888865470886, 0.14805597066879272, 0.14805597066879272, 0.14818476140499115, 0.14826500415802002, 0.14827106893062592, 0.14806608855724335, 0.14796830713748932, 0.148105189204216, 0.14797167479991913, 0.14813485741615295, 0.14820297062397003, 0.14801281690597534, 0.14809103310108185, 0.14811664819717407, 0.1481867879629135]}