{"loss": [0.005968510638922453, 0.005727950017899275, 0.005623126868158579, 0.005541372578591108, 0.005472957156598568, 0.00540929427370429, 0.005369361024349928, 0.005320974625647068, 0.005298140458762646, 0.005251079332083464, 0.005220345221459866, 0.00519073149189353, 0.005164012312889099, 0.00513907615095377, 0.005103311501443386, 0.005097498651593924, 0.0050479331985116005, 0.005041256546974182, 0.005013165529817343, 0.004989910870790482, 0.004976789001375437, 0.004967547487467527, 0.00493540009483695, 0.004909859970211983, 0.0048925322480499744, 0.004883561283349991, 0.004868726711720228, 0.004850280471146107, 0.004822970367968082, 0.004818290937691927, 0.00479018734768033, 0.004790673963725567, 0.004767209757119417, 0.004743502009660006, 0.004735541995614767, 0.0047262851148843765, 0.00469944765791297, 0.0047226338647305965, 0.004682112950831652, 0.004653668496757746, 0.004663057625293732, 0.004639937076717615, 0.004641882609575987, 0.004615749232470989, 0.0045940768904984, 0.004604136571288109, 0.00458766333758831, 0.00456587877124548, 0.00455654738470912, 0.004550760146230459, 0.004530063830316067, 0.004533013794571161, 0.0045125363394618034, 0.004497555084526539, 0.004502519965171814, 0.004478836432099342, 0.004469281993806362], "accuracy": [0.16912159323692322, 0.16950145363807678, 0.16969813406467438, 0.16985097527503967, 0.1699375957250595, 0.17003610730171204, 0.17010773718357086, 0.1701633334159851, 0.17021772265434265, 0.1702706217765808, 0.17031385004520416, 0.1703464388847351, 0.17038458585739136, 0.1704094558954239, 0.1704525351524353, 0.17046594619750977, 0.17051629722118378, 0.17053435742855072, 0.1705682873725891, 0.17058971524238586, 0.17060396075248718, 0.1706242561340332, 0.17065639793872833, 0.1706688404083252, 0.1706886887550354, 0.17070195078849792, 0.17072975635528564, 0.1707315444946289, 0.17074720561504364, 0.17076744139194489, 0.17080175876617432, 0.17080099880695343, 0.17081470787525177, 0.1708364486694336, 0.17083892226219177, 0.1708606481552124, 0.17087720334529877, 0.17087645828723907, 0.17089472711086273, 0.17090964317321777, 0.1709183305501938, 0.17093010246753693, 0.1709439605474472, 0.17096185684204102, 0.1709616333246231, 0.17096897959709167, 0.17098891735076904, 0.17100141942501068, 0.17100480198860168, 0.1710134893655777, 0.1710224747657776, 0.17103207111358643, 0.17104412615299225, 0.1710558980703354, 0.1710585206747055, 0.17106623947620392, 0.17107851803302765], "val_loss": [0.00578244449570775, 0.005580496974289417, 0.005678502842783928, 0.005824091844260693, 0.005476365797221661, 0.005394700914621353, 0.005382734816521406, 0.005540532059967518, 0.005522474180907011, 0.005447758827358484, 0.005451316945254803, 0.005625783931463957, 0.005348070524632931, 0.005329110659658909, 0.005572018679231405, 0.005247419234365225, 0.0055694845505058765, 0.005351404193788767, 0.005362499039620161, 0.005360822193324566, 0.005454115569591522, 0.005217623896896839, 0.0053221359848976135, 0.005205951165407896, 0.0052183400839567184, 0.005318185780197382, 0.005314434878528118, 0.00528813898563385, 0.0051977005787193775, 0.005093515384942293, 0.0050831022672355175, 0.005166041664779186, 0.005436596926301718, 0.005063655786216259, 0.0051047480665147305, 0.005067362450063229, 0.0050898389890789986, 0.005165460053831339, 0.005273084621876478, 0.005194704048335552, 0.004986039362847805, 0.0051494864746928215, 0.00499978382140398, 0.0050528510473668575, 0.005234248004853725, 0.004945655819028616, 0.004935368895530701, 0.0050674001686275005, 0.005043065641075373, 0.005096179433166981, 0.0050857188180089, 0.005116777960211039, 0.004950420930981636, 0.005066813435405493, 0.0050576189532876015, 0.005031590349972248, 0.00503302738070488], "val_accuracy": [0.20058394968509674, 0.20074106752872467, 0.20048348605632782, 0.20070667564868927, 0.20094875991344452, 0.20107822120189667, 0.2010290026664734, 0.20082063972949982, 0.20083816349506378, 0.20092110335826874, 0.20092177391052246, 0.20100471377372742, 0.20102158188819885, 0.20119419693946838, 0.20082737505435944, 0.20120768249034882, 0.20093998312950134, 0.20110249519348145, 0.20113755762577057, 0.20113351941108704, 0.20100606977939606, 0.20125219225883484, 0.20089279115200043, 0.20119555294513702, 0.20126162469387054, 0.2011355310678482, 0.20124612748622894, 0.20126500725746155, 0.2011166512966156, 0.20134525001049042, 0.20140458643436432, 0.20134592056274414, 0.20098988711833954, 0.20127849280834198, 0.2012258917093277, 0.2013411968946457, 0.20128051936626434, 0.20126837491989136, 0.2013290673494339, 0.2013600766658783, 0.20136143267154694, 0.20125555992126465, 0.20138435065746307, 0.2012542188167572, 0.2014693170785904, 0.20141401886940002, 0.2014848291873932, 0.20137964189052582, 0.20132973790168762, 0.2013567090034485, 0.2012913078069687, 0.20125825703144073, 0.20131759345531464, 0.2013567090034485, 0.20117127895355225, 0.20141740143299103, 0.20132838189601898]}