{"loss": [0.001489275717176497, 0.0014401411172002554, 0.0014418739592656493, 0.0014291604747995734, 0.0014267092337831855, 0.001415734295733273, 0.0014123815344646573, 0.0014110138872638345, 0.0013885280350223184, 0.0013934049056842923, 0.0013891191920265555, 0.0013897803146392107, 0.0013852259144186974, 0.0013736644759774208, 0.0013824270572513342, 0.0013628136366605759, 0.0013616199139505625, 0.0013676607050001621, 0.001369386911392212, 0.0013611806789413095, 0.0013536697952076793, 0.0013437019661068916, 0.001349727506749332, 0.0013411762192845345, 0.0013551817974075675, 0.0013199669774621725, 0.0013482384383678436, 0.0013289893977344036, 0.0013271853094920516, 0.0013239409308880568, 0.001325246412307024, 0.001324280397966504, 0.0013161335373297334, 0.001325294841080904, 0.0013065128587186337, 0.0013164886040613055, 0.0013016090961173177], "accuracy": [0.18386366963386536, 0.18387505412101746, 0.1838785707950592, 0.18388111889362335, 0.1838848739862442, 0.18388494849205017, 0.18388928472995758, 0.18388906121253967, 0.1838928908109665, 0.18389378488063812, 0.18389767408370972, 0.18389467895030975, 0.1838986575603485, 0.18390074372291565, 0.18390142917633057, 0.18390081822872162, 0.18390358984470367, 0.1839030683040619, 0.1839023232460022, 0.1839035153388977, 0.18390344083309174, 0.18390756845474243, 0.18390771746635437, 0.18390682339668274, 0.18390749394893646, 0.18391138315200806, 0.18391026556491852, 0.1839119791984558, 0.18391115963459015, 0.18391145765781403, 0.18391378223896027, 0.18391340970993042, 0.18391400575637817, 0.18391236662864685, 0.18391700088977814, 0.18391452729701996, 0.1839168518781662], "val_loss": [0.0014078498352319002, 0.0014568241313099861, 0.0014350515557453036, 0.0015112098772078753, 0.001424930291250348, 0.0014994160737842321, 0.001531640300527215, 0.0013823560439050198, 0.001385485171340406, 0.0014809248968958855, 0.0014527536695823073, 0.0013765693875029683, 0.0014025622513145208, 0.0021550061646848917, 0.0013653436908498406, 0.001487682806327939, 0.0014191765803843737, 0.0015586348017677665, 0.0013566396664828062, 0.0015059979632496834, 0.001386662246659398, 0.0014060534304007888, 0.0015767718432471156, 0.001378646120429039, 0.0013552071759477258, 0.0014681274769827724, 0.0013428300153464079, 0.0019634589552879333, 0.0014255051501095295, 0.0014653797261416912, 0.0016942716902121902, 0.0019045817898586392, 0.001370442216284573, 0.001514948788098991, 0.0013803571928292513, 0.0014411578886210918, 0.0013567459536716342], "val_accuracy": [0.16632209718227386, 0.1663200855255127, 0.16631266474723816, 0.16632209718227386, 0.16631940007209778, 0.16631872951984406, 0.16630390286445618, 0.1663234531879425, 0.16632749140262604, 0.16631940007209778, 0.16632546484470367, 0.1663322150707245, 0.16633018851280212, 0.1662796437740326, 0.16633152961730957, 0.16632209718227386, 0.1663328856229782, 0.16633018851280212, 0.1663295179605484, 0.16632278263568878, 0.16634501516819, 0.16633962094783783, 0.16630659997463226, 0.16633625328540802, 0.1663389503955841, 0.16633759438991547, 0.16634231805801392, 0.16626347601413727, 0.16633759438991547, 0.16633759438991547, 0.1662924587726593, 0.1663012057542801, 0.16634298861026764, 0.16634231805801392, 0.16634501516819, 0.16634231805801392, 0.1663483828306198]}