{"loss": [0.008057700470089912, 0.007236987352371216, 0.006880900822579861, 0.006652698386460543, 0.00648539699614048, 0.006349657196551561, 0.006225421093404293, 0.006123578175902367, 0.006017062347382307, 0.005934929009526968, 0.005878511816263199, 0.005790191702544689, 0.005729098338633776, 0.005668374244123697, 0.0056234123185276985, 0.005537556018680334, 0.005521556828171015, 0.005450960714370012, 0.00541864987462759, 0.005370957776904106, 0.005316615104675293, 0.0053002298809587955, 0.005247499328106642, 0.0052084894850850105, 0.005180614069104195, 0.005141105968505144, 0.005101105663925409, 0.005085751414299011, 0.005035029258579016, 0.005021305289119482, 0.0049698492512106895, 0.004962279461324215, 0.004923453088849783, 0.004913687705993652, 0.004884937312453985, 0.00484592467546463, 0.004822025541216135, 0.004798207897692919, 0.004781007766723633, 0.0047513702884316444, 0.0047392952255904675, 0.0047072963789105415, 0.004691371228545904, 0.004665016196668148, 0.004642094485461712], "accuracy": [0.18081194162368774, 0.18172934651374817, 0.18209518492221832, 0.1823064684867859, 0.18248845636844635, 0.1826033592224121, 0.18273280560970306, 0.18282490968704224, 0.18289852142333984, 0.1829795390367508, 0.18303987383842468, 0.18310755491256714, 0.18315567076206207, 0.1832103133201599, 0.18324726819992065, 0.18330392241477966, 0.1833384782075882, 0.18336816132068634, 0.18340428173542023, 0.18343539535999298, 0.1834840327501297, 0.18349520862102509, 0.18352001905441284, 0.18354713916778564, 0.18356266617774963, 0.1835985630750656, 0.18362127244472504, 0.18364225327968597, 0.18365807831287384, 0.18366968631744385, 0.18370799720287323, 0.18370521068572998, 0.18372949957847595, 0.18373894691467285, 0.1837487667798996, 0.18377776443958282, 0.18379530310630798, 0.18379755318164825, 0.18381847441196442, 0.18383143842220306, 0.18384350836277008, 0.18386073410511017, 0.18387213349342346, 0.1838764101266861, 0.18389125168323517], "val_loss": [0.007715211715549231, 0.006851109676063061, 0.00641801068559289, 0.006583865731954575, 0.00666873948648572, 0.006389698479324579, 0.006254567764699459, 0.006302289664745331, 0.006290543358772993, 0.006285902578383684, 0.006142482627183199, 0.00605209544301033, 0.006379132159054279, 0.006278187967836857, 0.0060137370601296425, 0.006086953449994326, 0.005995257757604122, 0.005985538475215435, 0.006041955668479204, 0.006127539556473494, 0.005916259251534939, 0.005963745526969433, 0.005954870954155922, 0.005954121705144644, 0.005809260997921228, 0.006178903393447399, 0.005712090525776148, 0.0057984949089586735, 0.005930730607360601, 0.006075476296246052, 0.005932414438575506, 0.005819482728838921, 0.00584418373182416, 0.005800344981253147, 0.005631596781313419, 0.005720943678170443, 0.006076657213270664, 0.005757381208240986, 0.005985089112073183, 0.0061624059453606606, 0.005798586178570986, 0.005659330170601606, 0.005639925133436918, 0.005655662156641483, 0.005680528003722429], "val_accuracy": [0.14732232689857483, 0.1477707326412201, 0.14819149672985077, 0.1479211002588272, 0.14793863892555237, 0.14815576374530792, 0.1482083648443222, 0.14832231402397156, 0.14820027351379395, 0.1481240689754486, 0.14831557869911194, 0.1483769416809082, 0.14809507131576538, 0.14828725159168243, 0.14836885035037994, 0.1486513763666153, 0.14846257865428925, 0.14848752319812775, 0.1483519822359085, 0.14857922494411469, 0.1486203670501709, 0.14870060980319977, 0.14862170815467834, 0.1486082226037979, 0.14884288609027863, 0.14837491512298584, 0.14890627562999725, 0.1488577276468277, 0.14870870113372803, 0.14866554737091064, 0.1487235277891159, 0.14886042475700378, 0.14885839819908142, 0.14861497282981873, 0.14885300397872925, 0.14875724911689758, 0.1485360711812973, 0.14878758788108826, 0.14879433810710907, 0.14891976118087769, 0.14873701333999634, 0.14885839819908142, 0.1488199532032013, 0.14897167682647705, 0.14884963631629944]}