{"loss": [0.0031590082217007875, 0.002895997604355216, 0.0028559421189129353, 0.0028099543415009975, 0.0027321281377226114, 0.002743684919551015, 0.002654734766110778, 0.002663195598870516, 0.002628193935379386, 0.002596084726974368, 0.0025565007235854864, 0.0025410556700080633, 0.002504331525415182, 0.0025157099589705467, 0.0024598813615739346, 0.002438000403344631, 0.002471691695973277, 0.0023792970459908247, 0.0023839969653636217, 0.0023785706143826246, 0.002349096816033125, 0.0023333716671913862, 0.002303990302607417, 0.002308778464794159, 0.0022749267518520355, 0.002266935771331191, 0.0022538744378834963, 0.0022234388161450624, 0.002227283548563719, 0.00220886105671525, 0.0021964607294648886, 0.002163345692679286, 0.002186458557844162, 0.002142879879102111, 0.002139361808076501, 0.0021219407208263874, 0.002095447387546301, 0.002097768010571599, 0.0020879448857158422, 0.002076101489365101, 0.00206174049526453, 0.002063284395262599, 0.0020381840877234936, 0.0020168041810393333, 0.002011658390983939, 0.0020083074923604727, 0.002011020202189684, 0.001979261403903365, 0.0019728909246623516, 0.001962528098374605, 0.0019449428655207157, 0.0019678184762597084, 0.0019403251353651285, 0.0019122256198897958, 0.0019266139715909958, 0.0018978099105879664, 0.0019103022059425712, 0.00190246244892478, 0.0018640246707946062, 0.0018818628741428256, 0.0018637154716998339, 0.001881906297057867, 0.0018355357460677624, 0.0018377051455900073], "accuracy": [0.1842237263917923, 0.18430936336517334, 0.18434111773967743, 0.1843608021736145, 0.1843913048505783, 0.1843976080417633, 0.18442262709140778, 0.18443435430526733, 0.18444454669952393, 0.1844533383846283, 0.18447166681289673, 0.18447445333003998, 0.1844906359910965, 0.18449263274669647, 0.18450552225112915, 0.18451590836048126, 0.18450237810611725, 0.18453602492809296, 0.18453362584114075, 0.18453572690486908, 0.1845446228981018, 0.18455375730991364, 0.18456219136714935, 0.18456433713436127, 0.18457382917404175, 0.18457552790641785, 0.18458151817321777, 0.18458952009677887, 0.18458926677703857, 0.18459674715995789, 0.18459780514240265, 0.18460534512996674, 0.18460923433303833, 0.18461152911186218, 0.18461906909942627, 0.18461982905864716, 0.18463270366191864, 0.18462936580181122, 0.1846332550048828, 0.1846397966146469, 0.18464155495166779, 0.18464399874210358, 0.18464788794517517, 0.18465423583984375, 0.1846560835838318, 0.18465933203697205, 0.18465952575206757, 0.1846674680709839, 0.18467216193675995, 0.184672012925148, 0.18467849493026733, 0.18467845022678375, 0.18467830121517181, 0.18468628823757172, 0.18468724191188812, 0.1846877932548523, 0.1846918910741806, 0.18469353020191193, 0.18470002710819244, 0.18470002710819244, 0.18470421433448792, 0.1847001314163208, 0.18471111357212067, 0.18471090495586395], "val_loss": [0.002730234293267131, 0.002583904191851616, 0.0030301029328256845, 0.0025972353760153055, 0.0024874440860003233, 0.0024530685041099787, 0.0024377608206123114, 0.0024211585987359285, 0.0025040770415216684, 0.002409476786851883, 0.0026441598311066628, 0.0023365754168480635, 0.0023179769050329924, 0.002319812076166272, 0.002341802464798093, 0.0022226341534405947, 0.0022156366612762213, 0.0024660422932356596, 0.0025490345433354378, 0.002254375722259283, 0.002276448765769601, 0.002272999146953225, 0.0022307171020656824, 0.0021093864925205708, 0.002403163816779852, 0.0021133178379386663, 0.0021599072497338057, 0.002131305169314146, 0.0022233950439840555, 0.0022194611374288797, 0.002096640644595027, 0.0019897802267223597, 0.001970076933503151, 0.0021136151626706123, 0.002167745726183057, 0.0020215364638715982, 0.001993043115362525, 0.0020818859338760376, 0.001907360041514039, 0.00191979156807065, 0.001995220547541976, 0.0018852761713787913, 0.0018952490063384175, 0.0019600405357778072, 0.0029281682800501585, 0.0023852339945733547, 0.0018780517857521772, 0.001860288786701858, 0.0019151597516611218, 0.0019414423732087016, 0.001871545216999948, 0.0019344603642821312, 0.0018346376018598676, 0.0017907546134665608, 0.0021109606605023146, 0.001804161467589438, 0.0018128545489162207, 0.0018577143782749772, 0.0019075155723839998, 0.001917416462674737, 0.001793703413568437, 0.0018147255759686232, 0.0022403376642614603, 0.0018848651088774204], "val_accuracy": [0.15009479224681854, 0.15017655491828918, 0.15011140704154968, 0.1501891314983368, 0.15022282302379608, 0.1502452790737152, 0.15026460587978363, 0.15027941763401031, 0.1502821147441864, 0.1502511203289032, 0.15029200911521912, 0.15028616786003113, 0.15032030642032623, 0.1503036767244339, 0.15030188858509064, 0.1503531038761139, 0.1503593921661377, 0.15034815669059753, 0.1503468155860901, 0.15038543939590454, 0.15036432445049286, 0.15036523342132568, 0.15040206909179688, 0.15040117502212524, 0.15035580098628998, 0.15039847791194916, 0.15039892494678497, 0.15037959814071655, 0.15043126046657562, 0.15039263665676117, 0.15041330456733704, 0.15045417845249176, 0.1504739373922348, 0.15045058727264404, 0.15046900510787964, 0.15047618746757507, 0.15046541392803192, 0.15046989917755127, 0.15050403773784637, 0.1504928171634674, 0.15049056708812714, 0.1505139321088791, 0.1504833847284317, 0.150473490357399, 0.1503782570362091, 0.15042227506637573, 0.15051841735839844, 0.15052740275859833, 0.1505233645439148, 0.15053099393844604, 0.1505139321088791, 0.15051841735839844, 0.15051168203353882, 0.15055525302886963, 0.15050673484802246, 0.15053819119930267, 0.15055076777935028, 0.150554358959198, 0.15053997933864594, 0.15052111446857452, 0.1505354940891266, 0.1505516618490219, 0.1505022495985031, 0.15055346488952637]}