{"loss": [0.0014764433726668358, 0.0014454006450250745, 0.0014420824591070414, 0.0014329036930575967, 0.001419863780029118, 0.0014191805385053158, 0.0014158199774101377, 0.0013947119005024433, 0.0014195262920111418, 0.0013955675531178713, 0.001392733072862029, 0.0013769392389804125, 0.0013873875141143799, 0.0013826076174154878, 0.0013698925031349063, 0.0013821674510836601], "accuracy": [0.18388734757900238, 0.18389548361301422, 0.18389873206615448, 0.18390147387981415, 0.18390387296676636, 0.18390657007694244, 0.183908611536026, 0.18391086161136627, 0.18391060829162598, 0.18391060829162598, 0.1839161068201065, 0.18391470611095428, 0.1839161068201065, 0.18391740322113037, 0.18391969799995422, 0.18391910195350647], "val_loss": [0.0016205688007175922, 0.0018889708444476128, 0.0014456616481766105, 0.0013785044429823756, 0.0013796500861644745, 0.001347548677586019, 0.0013592703035101295, 0.0014564149314537644, 0.0014160654973238707, 0.0014176017139106989, 0.0014704044442623854, 0.0013748044148087502, 0.0013571374583989382, 0.0014507824089378119, 0.001589890569448471, 0.0015844005392864347], "val_accuracy": [0.1663261502981186, 0.16627763211727142, 0.16635175049304962, 0.16636162996292114, 0.16635534167289734, 0.16637061536312103, 0.16636882722377777, 0.1663724184036255, 0.16635803878307343, 0.16637420654296875, 0.16635893285274506, 0.1663728654384613, 0.1663697212934494, 0.1663638800382614, 0.1663230061531067, 0.16634412109851837]}