{"loss": [0.05782294645905495, 0.03181992098689079, 0.02649865671992302, 0.022738872095942497, 0.020586619153618813, 0.01893729716539383, 0.017658956348896027, 0.016068000346422195, 0.014070836827158928, 0.012644295580685139, 0.01157058123499155, 0.010847855359315872, 0.010255545377731323, 0.009664825163781643, 0.009255747310817242, 0.00893266312777996, 0.008564263582229614, 0.008256278000772, 0.007923722267150879, 0.007697155699133873, 0.007464689668267965, 0.007192281074821949, 0.007026927080005407, 0.006870419252663851, 0.006708839442580938, 0.006602261681109667, 0.006472684442996979, 0.006362143438309431, 0.00626665074378252, 0.00618825713172555, 0.0061026327311992645, 0.005989339668303728, 0.005896417889744043, 0.005897079594433308, 0.005741799250245094, 0.005702272057533264, 0.005660110618919134, 0.005565624684095383, 0.00548367528244853, 0.005461149383336306, 0.0053451815620064735, 0.005303351674228907, 0.005249313078820705, 0.005166924558579922, 0.005103401839733124, 0.0050443317741155624, 0.0049579874612390995, 0.004912902135401964, 0.004857487510889769, 0.00477075157687068, 0.0046918937005102634, 0.004668536130338907, 0.004600913263857365, 0.004529096186161041, 0.004521001596003771, 0.004424279555678368, 0.004373290576040745, 0.004365657921880484, 0.004267166834324598, 0.004253009334206581, 0.004204923752695322, 0.004184815566986799, 0.004101303871721029, 0.004048778209835291, 0.004045562818646431, 0.003979694098234177, 0.003950218204408884, 0.003893911372870207, 0.003873063251376152, 0.0038021572399884462, 0.0037720713298767805, 0.003744946327060461, 0.003726488444954157, 0.003656070912256837, 0.003624635748565197, 0.003591441549360752, 0.003571624169126153, 0.0034878505393862724, 0.0034805783070623875, 0.003435049671679735, 0.0034166970290243626, 0.0033935937099158764, 0.0033213873393833637, 0.003328875871375203, 0.003271104535087943, 0.0032815129961818457, 0.0032188170589506626, 0.003180124331265688, 0.003168658819049597, 0.0031491611152887344, 0.0031276082154363394, 0.003063793061301112, 0.0030703789088875055, 0.0030307648703455925, 0.0030198940075933933, 0.003001125529408455, 0.002981174271553755, 0.0029455232433974743, 0.00291747716255486, 0.002919470891356468], "accuracy": [0.1485346406698227, 0.16999700665473938, 0.1757793426513672, 0.17861583828926086, 0.1795061081647873, 0.1802615523338318, 0.18136753141880035, 0.18356841802597046, 0.18582937121391296, 0.1869356632232666, 0.1875941902399063, 0.1879996955394745, 0.1882655918598175, 0.18848401308059692, 0.18865373730659485, 0.1887771636247635, 0.1889154314994812, 0.1890202909708023, 0.18909864127635956, 0.1892060488462448, 0.1892727166414261, 0.18936379253864288, 0.18941517174243927, 0.18948708474636078, 0.1895574927330017, 0.18960122764110565, 0.18964990973472595, 0.18971163034439087, 0.18974998593330383, 0.18979866802692413, 0.18985259532928467, 0.18991206586360931, 0.18994352221488953, 0.18997858464717865, 0.1900518387556076, 0.19008973240852356, 0.190140962600708, 0.1902100145816803, 0.19028282165527344, 0.1903262734413147, 0.19041764736175537, 0.190497487783432, 0.1906062513589859, 0.1906745582818985, 0.1907743215560913, 0.1908618062734604, 0.19099903106689453, 0.19110748171806335, 0.19123032689094543, 0.19133083522319794, 0.19145068526268005, 0.19154265522956848, 0.19162040948867798, 0.1917143315076828, 0.19178473949432373, 0.19187042117118835, 0.19192764163017273, 0.1919957995414734, 0.19206427037715912, 0.19209018349647522, 0.19217121601104736, 0.19220957159996033, 0.1922498643398285, 0.19232402741909027, 0.19234274327754974, 0.19241644442081451, 0.19245629012584686, 0.19250214099884033, 0.19254691898822784, 0.19262301921844482, 0.1926472932100296, 0.19269777834415436, 0.19273658096790314, 0.19278855621814728, 0.19282196462154388, 0.19288457930088043, 0.19292457401752472, 0.1929822415113449, 0.1930140107870102, 0.19304846227169037, 0.19309040904045105, 0.19311901926994324, 0.1931687444448471, 0.19318868219852448, 0.1932300180196762, 0.19324979186058044, 0.19329488277435303, 0.19332244992256165, 0.1933336853981018, 0.19336214661598206, 0.19338686764240265, 0.193412184715271, 0.19343914091587067, 0.19345997273921967, 0.19346760213375092, 0.19350340962409973, 0.19350655376911163, 0.19352827966213226, 0.1935504525899887, 0.1935504525899887], "val_loss": [0.031391557306051254, 0.027974190190434456, 0.022451277822256088, 0.020331144332885742, 0.01897333934903145, 0.021415822207927704, 0.016650475561618805, 0.016590705141425133, 0.017467321828007698, 0.012064558453857899, 0.012986866757273674, 0.010483798570930958, 0.010038735345005989, 0.009423159062862396, 0.009113617241382599, 0.008746645413339138, 0.008428924717009068, 0.007946929894387722, 0.0075123799033463, 0.007189346477389336, 0.006785993464291096, 0.006754105444997549, 0.006428366992622614, 0.006263349205255508, 0.007009861525148153, 0.006208078470081091, 0.006418654695153236, 0.006073417142033577, 0.006206599995493889, 0.005772555246949196, 0.005677150096744299, 0.005735906772315502, 0.0057386173866689205, 0.005387372802942991, 0.005491366144269705, 0.0060860165394842625, 0.005493189673870802, 0.005168041214346886, 0.005305405706167221, 0.005069654900580645, 0.004958747886121273, 0.005071423482149839, 0.006256652995944023, 0.004859376698732376, 0.004978344310075045, 0.005082159768790007, 0.0049684313125908375, 0.004743605852127075, 0.004481486044824123, 0.004445401951670647, 0.004728277213871479, 0.004304887261241674, 0.004353348631411791, 0.004571681376546621, 0.004133896436542273, 0.004208775702863932, 0.004067196045070887, 0.004015523474663496, 0.004048805218189955, 0.0038748790975660086, 0.004075017757713795, 0.003861171193420887, 0.003773585194721818, 0.003858017036691308, 0.0037215063348412514, 0.0037025215569883585, 0.0040441276505589485, 0.0037405623588711023, 0.0035511127207428217, 0.003828443353995681, 0.005891300737857819, 0.003435505088418722, 0.0034392056986689568, 0.0033899699337780476, 0.003418420208618045, 0.003339202143251896, 0.003343818709254265, 0.0034246721770614386, 0.0031742171850055456, 0.0031825618352741003, 0.003255226882174611, 0.0031390779186040163, 0.003258659504354, 0.0031364194583147764, 0.0034641288220882416, 0.003230723086744547, 0.0032448330894112587, 0.003241635160520673, 0.0028842980973422527, 0.003126972820609808, 0.003121063346043229, 0.002865405520424247, 0.0027973626274615526, 0.003211954142898321, 0.00284786568954587, 0.0030238532926887274, 0.0027627304662019014, 0.0027420148253440857, 0.002906038425862789, 0.0029167099855840206],