{"loss": [0.0019336580298841, 0.001893158070743084, 0.00186795589979738, 0.0018471074290573597, 0.0018416116945445538, 0.0017979225376620889, 0.0017843428067862988, 0.001816035364754498, 0.0017769478727132082, 0.0017914272611960769, 0.0017524753930047154, 0.001759441802278161, 0.0017362202052026987, 0.001761262072250247, 0.0017167782643809915, 0.0017294888384640217, 0.0016944820526987314, 0.0017141873249784112, 0.0016819857992231846, 0.0016980640357360244, 0.0016770014772191644, 0.0016700088744983077, 0.0016671903431415558, 0.0016642052214592695, 0.0016589098377153277, 0.00163197610527277, 0.0016406254144385457, 0.001636418281123042, 0.0016307882033288479, 0.001613547676242888, 0.0016067801043391228, 0.0016032056882977486, 0.001609521801583469, 0.0015895391115918756, 0.0015911632217466831, 0.00158952665515244, 0.0015603775391355157, 0.0015735728666186333, 0.001578324707224965, 0.0015583436470478773, 0.0015466981567442417, 0.0015507906209677458, 0.0015488474164158106, 0.0015329801244661212, 0.001553832902573049, 0.0014998719561845064, 0.001528726308606565, 0.0015137663576751947, 0.0015173964202404022, 0.0015030942158773541, 0.0015144002391025424, 0.0014902605907991529, 0.0014907339354977012, 0.0014932225458323956, 0.0014818881172686815, 0.0014761078637093306, 0.0014769330155104399, 0.0014669313095510006, 0.0014667377108708024, 0.0014533688081428409, 0.0014718081802129745, 0.0014441031962633133, 0.0014554867520928383, 0.001443287474103272, 0.0014398971106857061, 0.0014353287406265736, 0.0014427521964535117, 0.0014248649822548032, 0.0014273636043071747, 0.0014166377950459719, 0.0014491956681013107, 0.0013928029220551252, 0.0014065323630347848, 0.0014061065157875419, 0.0014307365054264665, 0.0013773649698123336, 0.0013951808214187622, 0.0014073738129809499, 0.001381946261972189, 0.0013846466317772865, 0.0013842417392879725, 0.0013816070277243853, 0.0013737803092226386, 0.0013726672623306513, 0.0013594802003353834, 0.0013720199931412935, 0.0013696459354832768, 0.0013587998691946268, 0.001352011109702289, 0.0013528810814023018, 0.0013513547601178288, 0.001351536950096488, 0.0013414400164037943, 0.0013402526965364814, 0.001342014060355723, 0.0013341641752049327, 0.0013320647412911057, 0.0013347530039027333, 0.0013330038636922836, 0.0013176234206184745], "accuracy": [0.17203465104103088, 0.17204734683036804, 0.17206013202667236, 0.17206287384033203, 0.17206841707229614, 0.1720738559961319, 0.17208494246006012, 0.17207814753055573, 0.17208494246006012, 0.17208749055862427, 0.17209503054618835, 0.17209622263908386, 0.17210131883621216, 0.172098770737648, 0.17210806906223297, 0.1721029281616211, 0.17211255431175232, 0.17210836708545685, 0.17211565375328064, 0.17211586236953735, 0.17211970686912537, 0.17211924493312836, 0.17212364077568054, 0.17212319374084473, 0.1721246987581253, 0.17213109135627747, 0.1721307337284088, 0.17213258147239685, 0.1721363365650177, 0.1721373349428177, 0.17213448882102966, 0.1721394807100296, 0.17213818430900574, 0.17214396595954895, 0.17214162647724152, 0.17214736342430115, 0.17214711010456085, 0.17214801907539368, 0.17214801907539368, 0.17215026915073395, 0.17215365171432495, 0.17215101420879364, 0.17215290665626526, 0.17215704917907715, 0.17215415835380554, 0.17216040194034576, 0.17215695977210999, 0.1721615493297577, 0.17216050624847412, 0.1721639484167099, 0.17216289043426514, 0.17216773331165314, 0.1721680909395218, 0.17216528952121735, 0.1721682846546173, 0.17216913402080536, 0.1721699833869934, 0.17217253148555756, 0.17217238247394562, 0.17217208445072174, 0.1721755862236023, 0.1721745878458023, 0.17217758297920227, 0.1721789836883545, 0.1721777319908142, 0.17217907309532166, 0.17217877507209778, 0.1721804291009903, 0.17218191921710968, 0.1721826195716858, 0.17217732965946198, 0.1721821278333664, 0.17218351364135742, 0.1721845120191574, 0.17218177020549774, 0.1721867173910141, 0.17218591272830963, 0.1721857190132141, 0.17218676209449768, 0.17218776047229767, 0.17218896746635437, 0.17218701541423798, 0.17218956351280212, 0.17219215631484985, 0.1721927523612976, 0.1721901148557663, 0.17219121754169464, 0.17219245433807373, 0.17219451069831848, 0.17219366133213043, 0.17219515144824982, 0.17219385504722595, 0.17219705879688263, 0.17219744622707367, 0.1721944510936737, 0.17219555377960205, 0.1721954494714737, 0.172195702791214, 0.17219610512256622, 0.1721981018781662], "val_loss": [0.0018940488807857037, 0.0019978422205895185, 0.0018500948790460825, 0.0018382449634373188, 0.001867310726083815, 0.0019828861113637686, 0.0018518076976761222, 0.001838397583924234, 0.0024391277693212032, 0.0018670902354642749, 0.001854314119555056, 0.0018966220086440444, 0.0017436387715861201, 0.0017246583011001348, 0.0017276371363550425, 0.0018102721078321338, 0.0017632367089390755, 0.0017485800199210644, 0.0017641246085986495, 0.0016931785503402352, 0.0020087123848497868, 0.0019522963557392359, 0.0017929072491824627, 0.0019036538433283567, 0.001661463058553636, 0.001787270070053637, 0.0018229060806334019, 0.0016718977130949497, 0.0016890548868104815, 0.0016161282546818256, 0.001757133984938264, 0.0016951815923675895, 0.0016666727606207132, 0.0019840316381305456, 0.0015935624251142144, 0.0016327162738889456, 0.0021747311111539602, 0.0017665589693933725, 0.0015965673374012113, 0.0015690423315390944, 0.0016291148494929075, 0.0016626077704131603, 0.0016152567695826292, 0.001550557790324092, 0.0016207206062972546, 0.0016120346263051033, 0.0015616902383044362, 0.0015932763926684856, 0.0016307788901031017, 0.0016239476390182972, 0.00162814452778548, 0.0019111798610538244, 0.0015144507633522153, 0.0015237940242514014, 0.0015266952104866505, 0.001521421130746603, 0.0015174273867160082, 0.00181103334762156, 0.0017783420626074076, 0.00162236369214952, 0.0016447935486212373, 0.001655020285397768, 0.0014930516481399536, 0.0014776821481063962, 0.0015649845590814948, 0.0015702834352850914, 0.0015655241440981627, 0.0015967916697263718, 0.0017007066635414958, 0.001555916154757142, 0.0014548952458426356, 0.0014611550141125917, 0.00144588656257838, 0.0014976153615862131, 0.0014349328121170402, 0.0015894653042778373, 0.0015159453032538295, 0.0014888262376189232, 0.0014613087987527251, 0.0014279362512752414, 0.0014556299429386854, 0.0014622749295085669, 0.0018027944024652243, 0.0014792607398703694, 0.001453868462704122, 0.0017108817119151354, 0.0014036174397915602, 0.0014068318996578455, 0.0014654211699962616, 0.0014485957799479365, 0.0018332134932279587, 0.0013981388183310628, 0.0014545295853167772, 0.0015834617661312222, 0.0013877983437851071, 0.0014502279227599502, 0.0014047526055946946, 0.001465089269913733, 0.0013814896810799837, 0.0013719502603635192],