{"loss": [0.0036647252272814512, 0.003609234234318137, 0.0035794666036963463, 0.0035620660055428743, 0.0035505546256899834, 0.003517658682540059, 0.0035133915953338146, 0.0034919315949082375, 0.003479430917650461, 0.0034813012462109327, 0.003459656611084938, 0.0034474560525268316, 0.00344330002553761, 0.0034137251786887646, 0.0034178614150732756, 0.003421769943088293, 0.0033905997406691313, 0.003373900894075632, 0.003377396147698164, 0.003371950937435031, 0.0033544739708304405, 0.0033482504077255726, 0.0033413467463105917, 0.0033216984011232853, 0.0033248797990381718, 0.0033187931403517723, 0.003313237801194191, 0.003291433909907937, 0.003280099481344223, 0.003293018089607358, 0.003275375347584486, 0.0032631028443574905, 0.0032676546834409237, 0.003263150341808796, 0.0032398332841694355, 0.003226209431886673, 0.0032290515955537558, 0.003233631607145071, 0.0032019554637372494, 0.0032302450854331255, 0.0031911637634038925, 0.0032139362301677465, 0.003182291751727462, 0.0031885679345577955, 0.003168172901496291, 0.0031701489351689816, 0.0031723310239613056, 0.003156528575345874, 0.003153167199343443, 0.0031417037826031446, 0.0031493965070694685, 0.0031319872941821814, 0.00311055569909513, 0.003138292580842972, 0.0031141110230237246, 0.0030976636335253716, 0.0031011367682367563, 0.0031076916493475437, 0.003081374103203416, 0.0031060068868100643, 0.0030636631418019533, 0.0030819522216916084, 0.0030811354517936707, 0.003065284341573715, 0.0030600172467529774, 0.0030414096545428038, 0.0030535238329321146, 0.0030393386259675026, 0.0030387663282454014, 0.003037607530131936, 0.0030257527250796556, 0.003037750953808427, 0.0030009341426193714, 0.003026123158633709, 0.0030034861993044615, 0.002999042859300971, 0.0029934870544821024, 0.0029973946511745453, 0.002976413117721677, 0.002990088425576687, 0.002980956807732582, 0.002976418239995837, 0.0029557840898633003, 0.002976088086143136, 0.0029649639036506414, 0.002943724161013961, 0.0029517023358494043, 0.0029426387045532465, 0.002952710958197713, 0.0029293103143572807, 0.002934909425675869, 0.002929681446403265, 0.002913007279857993, 0.002922679064795375, 0.002911040559411049, 0.002921564504504204, 0.0028969075065106153, 0.002906516194343567, 0.002901919186115265, 0.0028931740671396255], "accuracy": [0.18314240872859955, 0.183187797665596, 0.18321897089481354, 0.1832275092601776, 0.18325193226337433, 0.18325896561145782, 0.18327395617961884, 0.18327514827251434, 0.18329118192195892, 0.18330256640911102, 0.18330766260623932, 0.18331949412822723, 0.18331964313983917, 0.18333208560943604, 0.18334122002124786, 0.18333537876605988, 0.18335245549678802, 0.183358296751976, 0.18336400389671326, 0.1833633929491043, 0.18336309492588043, 0.18337418138980865, 0.1833810806274414, 0.18338078260421753, 0.18338407576084137, 0.1833869218826294, 0.18338856101036072, 0.18339845538139343, 0.1834002584218979, 0.18340295553207397, 0.1834031045436859, 0.18340669572353363, 0.18341164290905, 0.18340924382209778, 0.1834164410829544, 0.18342377245426178, 0.1834227293729782, 0.18342797458171844, 0.18343500792980194, 0.18343277275562286, 0.18343277275562286, 0.1834368109703064, 0.183440700173378, 0.1834404021501541, 0.1834457963705063, 0.18344220519065857, 0.18344955146312714, 0.18345628678798676, 0.18345314264297485, 0.18345433473587036, 0.1834532916545868, 0.18346227705478668, 0.18346527218818665, 0.18346692621707916, 0.18346422910690308, 0.18346722424030304, 0.18347112834453583, 0.18347351253032684, 0.1834772676229477, 0.1834745705127716, 0.18347682058811188, 0.1834828108549118, 0.18347397446632385, 0.18348444998264313, 0.1834879070520401, 0.183484748005867, 0.1834871470928192, 0.18349359929561615, 0.183491051197052, 0.18349823355674744, 0.1834906041622162, 0.18350183963775635, 0.18350183963775635, 0.1834992915391922, 0.1835039258003235, 0.18351022899150848, 0.1835079789161682, 0.1835094690322876, 0.18351201713085175, 0.1835099309682846, 0.18351082503795624, 0.18351471424102783, 0.1835193634033203, 0.18352460861206055, 0.18352191150188446, 0.18352416157722473, 0.18352626264095306, 0.18352656066417694, 0.18352386355400085, 0.18352656066417694, 0.18353059887886047, 0.18352550268173218, 0.18353329598903656, 0.18353404104709625, 0.18353554606437683, 0.1835353970527649, 0.1835433393716812, 0.18354079127311707, 0.18353764712810516, 0.18354648351669312], "val_loss": [0.00383086153306067, 0.0038159554824233055, 0.003707665717229247, 0.003699660999700427, 0.003969865385442972, 0.003782033920288086, 0.00402097636833787, 0.004114603623747826, 0.00406027352437377, 0.003591928631067276, 0.003655405016615987, 0.004105082247406244, 0.003627235069870949, 0.0036490177735686302, 0.0036774305626749992, 0.00355851580388844, 0.003938271664083004, 0.003967976663261652, 0.004103313200175762, 0.0035845348611474037, 0.0037448862567543983, 0.0035525173880159855, 0.0036924155429005623, 0.0036507032345980406, 0.0035386853851377964, 0.003710733260959387, 0.003522226121276617, 0.003470182418823242, 0.0038561513647437096, 0.0035096448846161366, 0.0036314225289970636, 0.004148397594690323, 0.0035226743202656507, 0.0038652655202895403, 0.003664732910692692, 0.00410831905901432, 0.003497859463095665, 0.003457582788541913, 0.00343696353957057, 0.003700027009472251, 0.0036354372277855873, 0.0034767386969178915, 0.0035518265794962645, 0.003422466339543462, 0.003400863613933325, 0.004074303433299065, 0.0037838078569620848, 0.0034822046291083097, 0.003372854320332408, 0.0033963138703256845, 0.0034692210610955954, 0.003350695827975869, 0.0036106305196881294, 0.0033022742718458176, 0.0037006644997745752, 0.0034980683121830225, 0.0034367793705314398, 0.0033262046054005623, 0.003359883325174451, 0.003323711222037673, 0.0033707688562572002, 0.0033431602641940117, 0.003318618517369032, 0.0032854601740837097, 0.003949031699448824, 0.003320754738524556, 0.003351460210978985, 0.0033565855119377375, 0.003994207829236984, 0.0033598223235458136, 0.0034788306802511215, 0.0033457314129918814, 0.003298054216429591, 0.0032153951469808817, 0.0033511235378682613, 0.003395333420485258, 0.003477713791653514, 0.003212106879800558, 0.0036176766734570265, 0.0036948968190699816, 0.0032136214431375265, 0.0034327523317188025, 0.0035115762148052454, 0.0032171139027923346, 0.0031932673882693052, 0.003190637333318591, 0.0034067437518388033, 0.0032092055771499872, 0.0032180871348828077, 0.0031918296590447426, 0.003316265530884266, 0.003246314823627472, 0.0033100589644163847, 0.0033591848332434893, 0.003191238734871149, 0.0031289022881537676, 0.003578619100153446, 0.003199126571416855, 0.0031763515435159206, 0.003110518679022789],