{"loss": [0.005345954559743404, 0.005023174919188023, 0.00490079028531909, 0.004778330214321613, 0.0047102137468755245, 0.004637245088815689, 0.0045855543576180935, 0.004541266709566116, 0.0045023346319794655, 0.004472185391932726, 0.004401621874421835, 0.0043907021172344685, 0.004371098708361387, 0.0043236203491687775, 0.004309540614485741, 0.004268249962478876, 0.004254601895809174, 0.004239548929035664, 0.004193709697574377, 0.004191759042441845, 0.004157798830419779, 0.00414414843544364, 0.004112898837774992, 0.00410709623247385, 0.004082061816006899, 0.004062204156070948, 0.004065309185534716, 0.004024974070489407, 0.004006577655673027, 0.0040109166875481606, 0.0039765783585608006, 0.003962939139455557, 0.0039558797143399715, 0.0039337389171123505, 0.003917901776731014, 0.003921947441995144, 0.0038947942666709423, 0.0038932878524065018, 0.003869221778586507, 0.003851545276120305, 0.003841474186629057, 0.003832433605566621, 0.0038232896476984024, 0.0038056285120546818, 0.0038003979716449976, 0.003771271789446473, 0.0037738464307039976, 0.003779255086556077], "accuracy": [0.18104568123817444, 0.18155524134635925, 0.1817636638879776, 0.18191467225551605, 0.1820041537284851, 0.18210230767726898, 0.18216975033283234, 0.1822293996810913, 0.18228375911712646, 0.18232351541519165, 0.18238605558872223, 0.18241533637046814, 0.18244196474552155, 0.18248263001441956, 0.18251845240592957, 0.18254292011260986, 0.18257024884223938, 0.1825917363166809, 0.1826106607913971, 0.18263894319534302, 0.18265797197818756, 0.18268345296382904, 0.18270239233970642, 0.18271033465862274, 0.18273915350437164, 0.18274939060211182, 0.18276847898960114, 0.1827840656042099, 0.1828009933233261, 0.18281124532222748, 0.1828279197216034, 0.18283532559871674, 0.18284890055656433, 0.1828663945198059, 0.18287943303585052, 0.18288417160511017, 0.1828925758600235, 0.1829100102186203, 0.18292094767093658, 0.18293318152427673, 0.18294207751750946, 0.18294626474380493, 0.1829572170972824, 0.18296895921230316, 0.18297968804836273, 0.1829875409603119, 0.18298828601837158, 0.182996928691864], "val_loss": [0.0052524469792842865, 0.005622372962534428, 0.005247041583061218, 0.005101533140987158, 0.005194331984966993, 0.0058346642181277275, 0.005233970936387777, 0.005405556410551071, 0.005205645225942135, 0.005118391010910273, 0.005131786223500967, 0.005393434315919876, 0.005072819534689188, 0.005230315960943699, 0.0049361479468643665, 0.00501721678301692, 0.00504384795203805, 0.005222402513027191, 0.004994864575564861, 0.004952169489115477, 0.004888943396508694, 0.0048472764901816845, 0.005467222072184086, 0.004942663945257664, 0.005461927503347397, 0.004858279135078192, 0.0049947695806622505, 0.004855739884078503, 0.004827061202377081, 0.004920100327581167, 0.004806983284652233, 0.005513958632946014, 0.005016889423131943, 0.005198584403842688, 0.00502292113378644, 0.004731663037091494, 0.004773760214447975, 0.004679740872234106, 0.004784781485795975, 0.004736567847430706, 0.004962878301739693, 0.0050155711360275745, 0.004841799382120371, 0.0049750711768865585, 0.005056339781731367, 0.0047746021300554276, 0.004703374579548836, 0.004737768322229385], "val_accuracy": [0.163381427526474, 0.16332703828811646, 0.1633036583662033, 0.16348662972450256, 0.16340121626853943, 0.16286715865135193, 0.16359496116638184, 0.16346819698810577, 0.16335266828536987, 0.16348662972450256, 0.16366149485111237, 0.16318678855895996, 0.16368982195854187, 0.16334007680416107, 0.16368351876735687, 0.1637909710407257, 0.16349561512470245, 0.16338637471199036, 0.1635216921567917, 0.16371184587478638, 0.16374735534191132, 0.16371993720531464, 0.1631755381822586, 0.16372622549533844, 0.16318587958812714, 0.16378062963485718, 0.16374601423740387, 0.16376668214797974, 0.16379906237125397, 0.1637558937072754, 0.16389840841293335, 0.16376803815364838, 0.16358508169651031, 0.16395460069179535, 0.16377612948417664, 0.16383501887321472, 0.16383546590805054, 0.16398605704307556, 0.1639590859413147, 0.16387636959552765, 0.16361114382743835, 0.16361699998378754, 0.16388896107673645, 0.1638561487197876, 0.16367633640766144, 0.163781076669693, 0.16394470632076263, 0.16386064887046814]}