{"loss": [0.004320131149142981, 0.004276586230844259, 0.004229643382132053, 0.0042333416640758514, 0.004211131948977709, 0.004174746572971344, 0.004184887744486332, 0.004141646437346935, 0.004137762356549501, 0.004113492555916309, 0.004107825458049774, 0.004103305283933878, 0.004083713982254267, 0.00406009703874588, 0.0040571014396846294, 0.0040395366959273815, 0.004035876598209143, 0.0040203481912612915, 0.004016301594674587, 0.0039932457730174065, 0.00400627963244915, 0.0039629628881812096, 0.00396866025403142, 0.003952011000365019, 0.003944803029298782, 0.003937741741538048, 0.0039377836510539055, 0.003912131302058697, 0.003912705462425947, 0.0038891187869012356, 0.003886606078594923, 0.0038884798996150494, 0.0038554370403289795, 0.003866710001602769, 0.003835516283288598, 0.0038525541312992573, 0.0038228274788707495, 0.0038188262842595577, 0.003828556975349784, 0.0037959821056574583, 0.003784963395446539, 0.0037863189354538918, 0.003767173970118165, 0.003761652857065201, 0.003769399831071496, 0.003740868531167507, 0.003736016573384404, 0.0037271801847964525, 0.003727405332028866, 0.003725699381902814, 0.003695245599374175, 0.0036865975707769394, 0.00368504854850471, 0.003677130676805973, 0.0036638539750128984, 0.0036666772793978453, 0.003636889858171344, 0.0036427583545446396, 0.003624728647992015, 0.003624489065259695, 0.0036041876301169395, 0.0035817804746329784, 0.003599074436351657, 0.003588001010939479, 0.0035607379395514727, 0.0035569006577134132, 0.0035413687583059072, 0.0035532929468899965, 0.00352892791852355, 0.0035368737298995256, 0.003506792476400733, 0.003502330742776394, 0.0034942065831273794, 0.0034872861579060555, 0.0034882815089076757, 0.0034517240710556507, 0.0034735463559627533, 0.0034315960947424173, 0.0034413705579936504, 0.0034165724646300077, 0.003419990185648203, 0.0034017618745565414, 0.003413765924051404, 0.0033770722802728415, 0.003399706445634365, 0.003356842091307044, 0.0033772799652069807, 0.0033436589874327183, 0.0033460864797234535, 0.0033459493424743414, 0.0033345543779432774, 0.003310726722702384, 0.0033223398495465517, 0.0033008160535246134, 0.003287648316472769, 0.0032851153519004583, 0.0032777704764157534, 0.003264081198722124, 0.003259774064645171, 0.003256554249674082], "accuracy": [0.18317344784736633, 0.18321600556373596, 0.18324297666549683, 0.18324656784534454, 0.18328118324279785, 0.18329542875289917, 0.18329033255577087, 0.18331295251846313, 0.183319091796875, 0.18333274126052856, 0.1833372265100479, 0.1833454668521881, 0.18335236608982086, 0.18335790932178497, 0.1833651065826416, 0.183366596698761, 0.18337559700012207, 0.1833847314119339, 0.18336869776248932, 0.18339282274246216, 0.18338967859745026, 0.18340331315994263, 0.1834079623222351, 0.18340735137462616, 0.18341904878616333, 0.18341080844402313, 0.1834244430065155, 0.18342414498329163, 0.18342578411102295, 0.18343357741832733, 0.18343988060951233, 0.1834382265806198, 0.18344691395759583, 0.18344826996326447, 0.18345651030540466, 0.18345215916633606, 0.18345965445041656, 0.18345186114311218, 0.18346115946769714, 0.1834782361984253, 0.18346670269966125, 0.18347299098968506, 0.18347972631454468, 0.18347373604774475, 0.18348288536071777, 0.18349172174930573, 0.18348677456378937, 0.1834947168827057, 0.18349187076091766, 0.18349666893482208, 0.18349921703338623, 0.18348857760429382, 0.18351149559020996, 0.18349801003932953, 0.1835140436887741, 0.18350820243358612, 0.1835155487060547, 0.18351030349731445, 0.18352153897285461, 0.18352168798446655, 0.18352393805980682, 0.18352138996124268, 0.18352168798446655, 0.1835312843322754, 0.18353502452373505, 0.18353037536144257, 0.1835383176803589, 0.1835368275642395, 0.18352527916431427, 0.18354147672653198, 0.1835419237613678, 0.18354791402816772, 0.1835426688194275, 0.1835482120513916, 0.1835482120513916, 0.1835525631904602, 0.18355390429496765, 0.1835622936487198, 0.18355046212673187, 0.1835603564977646, 0.18356095254421234, 0.1835697889328003, 0.183570995926857, 0.18357248604297638, 0.1835721880197525, 0.18358057737350464, 0.1835741400718689, 0.183564692735672, 0.1835777312517166, 0.18357908725738525, 0.18358582258224487, 0.18359121680259705, 0.18359002470970154, 0.18358537554740906, 0.18359166383743286, 0.1835930198431015, 0.1835918128490448, 0.18359975516796112, 0.18359766900539398, 0.18359480798244476], "val_loss": [0.00439529400318861, 0.004261922091245651, 0.0043543558567762375, 0.004488959908485413, 0.004216195549815893, 0.00430409936234355, 0.004552625119686127, 0.004261495545506477, 0.004386546555906534, 0.004247759934514761, 0.004347631242126226, 0.00432213069871068, 0.004308828618377447, 0.0043137334287166595, 0.004206586629152298, 0.004325015004724264, 0.004222486633807421, 0.0043650479055941105, 0.004309826996177435, 0.004272868856787682, 0.0041573187336325645, 0.00425222422927618, 0.004411646164953709, 0.004472752567380667, 0.004572159145027399, 0.004301400855183601, 0.004100835416465998, 0.004295473452657461, 0.0042546396143734455, 0.004230046644806862, 0.004151537083089352, 0.0043152738362550735, 0.004257531836628914, 0.004286632407456636, 0.004125896841287613, 0.004062696360051632, 0.004245627671480179, 0.004412977956235409, 0.0040134768933057785, 0.004641639068722725, 0.004349835682660341, 0.0040419986471533775, 0.003972957376390696, 0.004894159268587828, 0.004739515483379364, 0.004370836075395346, 0.0040917787700891495, 0.003982411231845617, 0.004011428449302912, 0.00399977108463645, 0.003964688628911972, 0.003923177719116211, 0.004008935764431953, 0.003875619499012828, 0.004818759858608246, 0.004167717415839434, 0.0038896112237125635, 0.003872334724292159, 0.0039086779579520226, 0.003898967755958438, 0.00406994204968214, 0.004000179003924131, 0.0038914992474019527, 0.003800337202847004, 0.0039067319594323635, 0.003995856735855341, 0.004039872903376818, 0.0041618007235229015, 0.004079027101397514, 0.0037994966842234135, 0.003920904826372862, 0.003812108188867569, 0.003857672680169344, 0.0038804137147963047, 0.003874707967042923, 0.003889769082888961, 0.003741287160664797, 0.004235554952174425, 0.0037295473739504814, 0.0038407142274081707, 0.0039849597960710526, 0.003692431142553687, 0.003641801420599222, 0.003743069479241967, 0.0038167168386280537, 0.003736992832273245, 0.003717750543728471, 0.003597553353756666, 0.003791626077145338, 0.003582541598007083, 0.003668999532237649, 0.0038146802689880133, 0.0036713830195367336, 0.0038057342171669006, 0.003674226114526391, 0.003589632688090205, 0.0035782570485025644, 0.003687022253870964, 0.0036350872833281755, 0.0036678139586001635],