{"loss": [0.0027587348595261574, 0.002620633691549301, 0.0025654868222773075, 0.0025222531985491514, 0.002479070797562599, 0.0024516917765140533, 0.002426746068522334, 0.002402872545644641, 0.0023752276320010424, 0.0023564992006868124, 0.002326165558770299, 0.0023247976787388325, 0.0022757600527256727, 0.002280707936733961, 0.002266669413074851, 0.002248592907562852, 0.0022173242177814245, 0.0022061793133616447, 0.0022025161888450384, 0.0021708880085498095, 0.0021548091899603605, 0.0021552867256104946, 0.002148807281628251, 0.0021304492838680744, 0.002098000142723322, 0.002109003718942404, 0.0020781292114406824, 0.0020700511522591114, 0.0020560736302286386, 0.002065880224108696, 0.0020351361017674208, 0.0020207748748362064, 0.0020277078729122877, 0.002014156896620989, 0.0020013884641230106, 0.00197814148850739, 0.0019851832184940577, 0.001963334623724222, 0.001953255385160446, 0.001956286607310176, 0.0019370398949831724, 0.0019343254389241338, 0.0019229892641305923, 0.0019083251245319843, 0.0019023783970624208, 0.0018995092250406742, 0.0018862540600821376, 0.001893028849735856, 0.00186806486453861, 0.0018772919429466128, 0.0018458891427144408, 0.001846416387706995, 0.0018307729624211788, 0.0018561027245596051, 0.0018073136452585459, 0.001827653730288148, 0.0018022848526015878, 0.0018184625077992678, 0.001792096416465938, 0.001788724330253899, 0.0017885916167870164, 0.001774903736077249, 0.0017768308753147721, 0.0017663042526692152, 0.0017653277609497309, 0.0017483303090557456, 0.001748973154462874, 0.0017431986052542925, 0.0017314660362899303, 0.0017270412063226104, 0.0017129674088209867, 0.0017224353505298495, 0.0017230698140338063, 0.0016964669339358807, 0.0017034139018505812, 0.0016961104702204466, 0.0017012448515743017, 0.0016722739674150944, 0.0016624040435999632, 0.0016911367420107126, 0.0016610485035926104, 0.0016671533230692148, 0.001661927904933691, 0.0016513317823410034, 0.001640518195927143, 0.0016416680300608277, 0.0016494864830747247, 0.0016291389474645257, 0.0016256981762126088, 0.0016342877643182874, 0.0016068622935563326, 0.0016213200287893414, 0.001598792034201324, 0.0016279135597869754, 0.001587384263984859, 0.001592324348166585, 0.0015904250321909785, 0.0015863415319472551, 0.0015768149169161916, 0.001580295735038817], "accuracy": [0.1843932569026947, 0.18442822992801666, 0.18445074558258057, 0.18447250127792358, 0.18448655307292938, 0.1844993680715561, 0.18451052904129028, 0.18452255427837372, 0.18453213572502136, 0.18453757464885712, 0.18455378711223602, 0.18455128371715546, 0.18456554412841797, 0.1845703423023224, 0.18457244336605072, 0.1845836341381073, 0.1845896691083908, 0.1845967173576355, 0.18460026383399963, 0.18460828065872192, 0.18461072444915771, 0.18461334705352783, 0.18462057411670685, 0.18462112545967102, 0.18463005125522614, 0.18462783098220825, 0.18463660776615143, 0.184640571475029, 0.18464331328868866, 0.1846485435962677, 0.18464989960193634, 0.18465390801429749, 0.18465645611286163, 0.18466143310070038, 0.18466012179851532, 0.18466533720493317, 0.18466925621032715, 0.18467211723327637, 0.18467222154140472, 0.18467503786087036, 0.18467974662780762, 0.1846798211336136, 0.18468330800533295, 0.18468600511550903, 0.1846856325864792, 0.18469136953353882, 0.18469476699829102, 0.1846930831670761, 0.18469731509685516, 0.184696227312088, 0.18470144271850586, 0.1847032755613327, 0.18470938503742218, 0.18470218777656555, 0.18471238017082214, 0.18471114337444305, 0.1847139447927475, 0.1847103089094162, 0.18471869826316833, 0.18471656739711761, 0.1847194880247116, 0.18472005426883698, 0.18472611904144287, 0.1847265660762787, 0.1847240924835205, 0.18473106622695923, 0.18472693860530853, 0.18473312258720398, 0.1847328245639801, 0.1847352683544159, 0.18473747372627258, 0.18473851680755615, 0.18473517894744873, 0.18474020063877106, 0.18474125862121582, 0.18474353849887848, 0.18474304676055908, 0.18474611639976501, 0.18474727869033813, 0.1847444772720337, 0.18475061655044556, 0.18474896252155304, 0.18475200235843658, 0.18475432693958282, 0.1847585141658783, 0.18475474417209625, 0.18475791811943054, 0.18475690484046936, 0.18476271629333496, 0.18475694954395294, 0.18476279079914093, 0.18476185202598572, 0.18476437032222748, 0.18476177752017975, 0.18476739525794983, 0.18476605415344238, 0.18476830422878265, 0.18476825952529907, 0.18477316200733185, 0.18476994335651398], "val_loss": [0.0024672187864780426, 0.0028535525780171156, 0.0026034549809992313, 0.0024008939508348703, 0.0024079272989183664, 0.002306159120053053, 0.0025989266578108072, 0.0022133025340735912, 0.0021965207997709513, 0.0023206775076687336, 0.002406912622973323, 0.002165674464777112, 0.0025708642788231373, 0.002143812831491232, 0.002521946793422103, 0.0021614304278045893, 0.0020657686982303858, 0.0021252997685223818, 0.0020884894765913486, 0.00210265489295125, 0.002061984734609723, 0.00203875545412302, 0.0019917830359190702, 0.002056104363873601, 0.00207989732734859, 0.001989521086215973, 0.0023636966943740845, 0.0029204676393419504, 0.0019296396058052778, 0.0019648917950689793, 0.0019440575269982219, 0.0019267047755420208, 0.0022440359462052584, 0.0019313630182296038, 0.001965317875146866, 0.0019056354649364948, 0.0021685014944523573, 0.001980199944227934, 0.0018775085918605328, 0.0018101182067766786, 0.0018743897089734674, 0.001826504128985107, 0.0018235212191939354, 0.0017886230489239097, 0.0018606174271553755, 0.0018048713682219386, 0.001793377916328609, 0.0018017498077824712, 0.0018286471022292972, 0.0017259498126804829, 0.0018299000803381205, 0.002531341277062893, 0.0017904770793393254, 0.0018985276110470295, 0.0021190899424254894, 0.0017357314936816692, 0.0017673326656222343, 0.0016811714740470052, 0.0017760632326826453, 0.0018579757306724787, 0.0018245367100462317, 0.0016796343261376023, 0.001722874352708459, 0.0017002579988911748, 0.0016368897631764412, 0.0016568310093134642, 0.0016398221487179399, 0.0016982628731057048, 0.002002339344471693, 0.0016077322652563453, 0.0019313860684633255, 0.0017587948823347688, 0.0016040802001953125, 0.0016908531542867422, 0.0016260243719443679, 0.001764114829711616, 0.0015982635086402297, 0.001586914760991931, 0.0017013828037306666, 0.0016552703455090523, 0.0016662304988130927, 0.0016226493753492832, 0.0015881690196692944, 0.001621351228095591, 0.0016011425759643316, 0.0016654734499752522, 0.0015795666258782148, 0.001665956573560834, 0.0016927208052948117, 0.0015964207705110312, 0.0016073629958555102, 0.0017251840326935053, 0.0016587453428655863, 0.0014955037040635943, 0.001550712389871478, 0.00225576339289546, 0.0016718347324058414, 0.0015687659615650773, 0.0017049862071871758, 0.0019163076067343354],