{"loss": [0.00526877585798502, 0.005021503660827875, 0.004936512093991041, 0.004874410107731819, 0.0047983466647565365, 0.004741775803267956, 0.004719038959592581, 0.004682206083089113, 0.0046374378725886345, 0.004610977601259947, 0.004578451160341501, 0.0045461528934538364, 0.004546746611595154, 0.004500250332057476, 0.004485519602894783, 0.004458916839212179, 0.004444995895028114, 0.004441605415195227, 0.004411894828081131, 0.004381671082228422, 0.004370392300188541, 0.004359811544418335, 0.004331508185714483, 0.004327423870563507, 0.004306564573198557, 0.004291214048862457, 0.004275606945157051, 0.004257274325937033, 0.00425333296880126, 0.004236612934619188, 0.004213056527078152, 0.004217109177261591, 0.004192287568002939, 0.004178033675998449, 0.004183944780379534, 0.004162406548857689, 0.004141034558415413, 0.004147988744080067, 0.004117586649954319, 0.0041189175099134445, 0.0040928395465016365, 0.004094140604138374, 0.004087021108716726, 0.004071320407092571, 0.0040518296882510185, 0.004055280238389969, 0.004046956077218056, 0.004032409284263849, 0.004022558685392141, 0.004021487198770046, 0.004000975284725428, 0.003986853640526533, 0.003981191199272871, 0.003968312870711088, 0.003970191348344088, 0.00395740382373333, 0.003947271965444088, 0.003938780166208744, 0.003926797304302454, 0.0039366306737065315, 0.0039148093201220036, 0.0038991321343928576, 0.003891074564307928, 0.003896977985277772, 0.003877143142744899, 0.0038711645174771547, 0.003853593720123172, 0.003873251611366868, 0.0038437366019934416, 0.0038363465573638678, 0.0038440492935478687, 0.0038192616775631905, 0.003816839074715972, 0.003814311698079109, 0.0037897066213190556, 0.003806896973401308, 0.003796709468588233, 0.0037780378479510546, 0.003776337718591094, 0.0037754876539111137, 0.003743236418813467, 0.003754945006221533, 0.003752515185624361, 0.003731310600414872, 0.003743947483599186, 0.0037205794360488653, 0.0037157232873141766, 0.003729606978595257, 0.0036987492348998785, 0.0036920947022736073, 0.003702075919136405, 0.003694852814078331, 0.003666150150820613, 0.00367765873670578, 0.0036780196242034435, 0.003652883693575859, 0.003659242996945977, 0.0036582783795893192, 0.0036435925867408514, 0.0036379005759954453], "accuracy": [0.18139222264289856, 0.18174120783805847, 0.18189090490341187, 0.1819877177476883, 0.1820797175168991, 0.1821400374174118, 0.18219076097011566, 0.18224342167377472, 0.18228276073932648, 0.1823238879442215, 0.18235498666763306, 0.18239326775074005, 0.18239836394786835, 0.18244272470474243, 0.18245838582515717, 0.1824856549501419, 0.18250520527362823, 0.18251658976078033, 0.18253712356090546, 0.18255682289600372, 0.18257825076580048, 0.18258574604988098, 0.1826172173023224, 0.18262696266174316, 0.18264785408973694, 0.18265625834465027, 0.18267221748828888, 0.18268585205078125, 0.18268771469593048, 0.18270817399024963, 0.18272487819194794, 0.1827206164598465, 0.1827460080385208, 0.1827588975429535, 0.18276743590831757, 0.182778000831604, 0.18277889490127563, 0.18279613554477692, 0.18280917406082153, 0.1828123927116394, 0.18282528221607208, 0.18283449113368988, 0.18283899128437042, 0.182852104306221, 0.1828615367412567, 0.18287457525730133, 0.18286707997322083, 0.1828809529542923, 0.1828899383544922, 0.1828969120979309, 0.18290844559669495, 0.1829145848751068, 0.18292012810707092, 0.18293128907680511, 0.18293413519859314, 0.1829444020986557, 0.18294380605220795, 0.18295647203922272, 0.1829652339220047, 0.18295714259147644, 0.1829770803451538, 0.18299010396003723, 0.18298906087875366, 0.18300142884254456, 0.1830054670572281, 0.18300719559192657, 0.1830187290906906, 0.18301761150360107, 0.1830269694328308, 0.18303266167640686, 0.1830371618270874, 0.18304629623889923, 0.1830483227968216, 0.18304967880249023, 0.18306218087673187, 0.1830570101737976, 0.18306870758533478, 0.18306472897529602, 0.18307986855506897, 0.18308144807815552, 0.18309102952480316, 0.1830931305885315, 0.18309971690177917, 0.18310557305812836, 0.18311268091201782, 0.18311665952205658, 0.18312039971351624, 0.1831187605857849, 0.18312908709049225, 0.18314041197299957, 0.18314018845558167, 0.1831400990486145, 0.18314902484416962, 0.18315209448337555, 0.18314999341964722, 0.1831691712141037, 0.18316550552845, 0.1831691712141037, 0.183177188038826, 0.18317817151546478], "val_loss": [0.00590506149455905, 0.006215824745595455, 0.00597815215587616, 0.0060131968930363655, 0.0058927820064127445, 0.005886550527065992, 0.005906255450099707, 0.005871595814824104, 0.005891745910048485, 0.006003092974424362, 0.0058883484452962875, 0.006023224908858538, 0.005845864303410053, 0.006049038376659155, 0.00580589147284627, 0.0059447516687214375, 0.005777774844318628, 0.006225275341421366, 0.005777709651738405, 0.006051015108823776, 0.005842860788106918, 0.005700021516531706, 0.005650297738611698, 0.005724255461245775, 0.0057645393535494804, 0.0057878512889146805, 0.005636807065457106, 0.005759372375905514, 0.006044009234756231, 0.005612022243440151, 0.005857477895915508, 0.005555801559239626, 0.00554067175835371, 0.0056670974008738995, 0.005484017077833414, 0.005768333561718464, 0.0057045770809054375, 0.005739407613873482, 0.005586660001426935, 0.005685178097337484, 0.0054849302396178246, 0.005595569033175707, 0.005479271057993174, 0.005697483662515879, 0.0062845684587955475, 0.005554997827857733, 0.005598108284175396, 0.005496941041201353, 0.005488533992320299, 0.005617206450551748, 0.005437311250716448, 0.005366845987737179, 0.005614993162453175, 0.005486045498400927, 0.0055500660091638565, 0.005429609213024378, 0.005788344424217939, 0.0055354563519358635, 0.005511371418833733, 0.005488743539899588, 0.005528980400413275, 0.0053596701472997665, 0.0054116020910441875, 0.005398497451096773, 0.005518116522580385, 0.005393380299210548, 0.005434530787169933, 0.005411578807979822, 0.005290425848215818, 0.005556806921958923, 0.0053169564343988895, 0.005401271861046553, 0.0054343100637197495, 0.005289538763463497, 0.00530280452221632, 0.005321170669049025, 0.005279341246932745, 0.005416286177933216, 0.005429547745734453, 0.005382787901908159, 0.0054009598679840565, 0.00559880631044507, 0.005256105680018663, 0.00527737382799387, 0.0054151383228600025, 0.005420390982180834, 0.005287783220410347, 0.005198910366743803, 0.0052360715344548225, 0.005284026265144348, 0.005365290679037571, 0.0052280547097325325, 0.005410937592387199, 0.005430326331406832, 0.005183579865843058, 0.005506384186446667, 0.005354701075702906, 0.005281996447592974, 0.005600736942142248, 0.005177299492061138],