{"loss": [0.006034599617123604, 0.005706461612135172, 0.005546462722122669, 0.0054191164672374725, 0.005320452619343996, 0.005246908403933048, 0.005185393150895834, 0.005112200975418091, 0.00505961524322629, 0.005006936378777027, 0.004969156347215176, 0.004909340757876635, 0.004895038902759552, 0.0048322114162147045, 0.004808716010302305, 0.004775019362568855, 0.0047280555590987206, 0.004705102648586035, 0.0046773506328463554, 0.004642033018171787, 0.004621412139385939, 0.004595475737005472, 0.004560030996799469, 0.004546209704130888, 0.00450962595641613, 0.004495212342590094, 0.004466422833502293, 0.004442926961928606, 0.004420799668878317, 0.004396461416035891, 0.004388249013572931, 0.0043546902015805244, 0.004334807395935059, 0.0043082647025585175, 0.004305498208850622, 0.004285071510821581, 0.004253910854458809, 0.004237131681293249, 0.004227211233228445, 0.0042091114446520805, 0.004186991136521101, 0.0041816337034106255, 0.004139423370361328, 0.004136341158300638, 0.004126043524593115, 0.004097597673535347, 0.004095372743904591, 0.004068584647029638, 0.0040594893507659435, 0.004054100718349218, 0.004021244123578072, 0.004019086714833975, 0.0040054465644061565, 0.003978242632001638, 0.00397501839324832, 0.003957756329327822, 0.003952195402234793, 0.003924560733139515, 0.0039238412864506245, 0.003911701496690512, 0.0038897802587598562, 0.0038791445549577475, 0.003864219645038247, 0.003869270207360387, 0.003829974913969636, 0.0038519524969160557, 0.003810289315879345, 0.0038147163577377796, 0.003784160129725933, 0.003805236192420125, 0.003780975705012679, 0.0037622167728841305, 0.0037588151171803474, 0.0037382051814347506, 0.003735791426151991, 0.003722893539816141, 0.0037149889394640923, 0.003700447268784046, 0.003691456513479352, 0.0036911508068442345, 0.0036783339455723763, 0.0036595675628632307, 0.003646637313067913, 0.0036417990922927856, 0.0036356388591229916, 0.0036295598838478327, 0.0036116926930844784, 0.0036078952252864838, 0.0036047075409442186, 0.003581075230613351, 0.0035768926609307528, 0.003568733111023903, 0.0035634152591228485, 0.003559061558917165, 0.0035346769727766514, 0.003535099793225527, 0.00352847040630877, 0.003522548358887434, 0.0035059829242527485, 0.0034961409401148558], "accuracy": [0.16986943781375885, 0.17018820345401764, 0.17035317420959473, 0.1704757958650589, 0.1705625057220459, 0.17062830924987793, 0.17068205773830414, 0.17073939740657806, 0.17078331112861633, 0.1708337515592575, 0.170859694480896, 0.1709037572145462, 0.17092129588127136, 0.17096492648124695, 0.17098432779312134, 0.17100997269153595, 0.17104864120483398, 0.17107053101062775, 0.17110103368759155, 0.17112089693546295, 0.17113319039344788, 0.17115522921085358, 0.17118190228939056, 0.17119023203849792, 0.17122335731983185, 0.17122860252857208, 0.17125101387500763, 0.17127251625061035, 0.17128495872020721, 0.1712995022535324, 0.17131547629833221, 0.17132866382598877, 0.17134372889995575, 0.1713665872812271, 0.1713678538799286, 0.17139431834220886, 0.17140354216098785, 0.17141830921173096, 0.1714283525943756, 0.17143157124519348, 0.17146529257297516, 0.17145653069019318, 0.17147743701934814, 0.17148958146572113, 0.17149685323238373, 0.17150869965553284, 0.17151446640491486, 0.17153282463550568, 0.17154160141944885, 0.17155209183692932, 0.17155590653419495, 0.17156527936458588, 0.1715819239616394, 0.17158281803131104, 0.17159684002399445, 0.1716088354587555, 0.17160478234291077, 0.17161902785301208, 0.17162629961967468, 0.17163453996181488, 0.17164307832717896, 0.17164623737335205, 0.1716587394475937, 0.17166219651699066, 0.17167530953884125, 0.17168483138084412, 0.17168879508972168, 0.17169126868247986, 0.17169591784477234, 0.17170244455337524, 0.1717178076505661, 0.17172379791736603, 0.17172223329544067, 0.17173264920711517, 0.171739399433136, 0.17174553871154785, 0.1717522144317627, 0.17175701260566711, 0.1717624068260193, 0.17177146673202515, 0.1717737913131714, 0.17178653180599213, 0.171790212392807, 0.17179681360721588, 0.17179372906684875, 0.17180085182189941, 0.17181067168712616, 0.17181307077407837, 0.1718161404132843, 0.1718277633190155, 0.17183226346969604, 0.17183817923069, 0.17183713614940643, 0.17183983325958252, 0.17185549437999725, 0.17185848951339722, 0.17185744643211365, 0.1718692034482956, 0.1718740016222, 0.17187625169754028], "val_loss": [0.006654701661318541, 0.006058990489691496, 0.0057129766792058945, 0.005687253084033728, 0.005761319305747747, 0.0055835735984146595, 0.005591883324086666, 0.005496205762028694, 0.005391694139689207, 0.005597393494099379, 0.005457725841552019, 0.00530401524156332, 0.005401700735092163, 0.005394770298153162, 0.005685466807335615, 0.005249736364930868, 0.005345247685909271, 0.0052984110079705715, 0.005173885729163885, 0.0053248037584125996, 0.005221037194132805, 0.005277635995298624, 0.005082842893898487, 0.005122939590364695, 0.0050521120429039, 0.005136407446116209, 0.005027198698371649, 0.005026490427553654, 0.005132819060236216, 0.005094373598694801, 0.005130245815962553, 0.004947584588080645, 0.004966105800122023, 0.005600387696176767, 0.004886356182396412, 0.005003136117011309, 0.005251239985227585, 0.0051238518208265305, 0.004847642965614796, 0.004914168268442154, 0.00477544916793704, 0.0050088162533938885, 0.004763230215758085, 0.004773658700287342, 0.004778011702001095, 0.004825944546610117, 0.004751061554998159, 0.0048229931853711605, 0.0047524431720376015, 0.004732060246169567, 0.004815648775547743, 0.005064303986728191, 0.0049161300994455814, 0.004771306645125151, 0.0046591744758188725, 0.004614206030964851, 0.004617311526089907, 0.004582591354846954, 0.004590462893247604, 0.0049141389317810535, 0.004819901194423437, 0.0045926072634756565, 0.004574086517095566, 0.004630367737263441, 0.005000845063477755, 0.004879022482782602, 0.004978611599653959, 0.004548950586467981, 0.0047135306522250175, 0.00446753716096282, 0.00456082820892334, 0.004485130310058594, 0.0044426643289625645, 0.004603144247084856, 0.004477848764508963, 0.0044583105482161045, 0.004586108960211277, 0.00450001610442996, 0.004474147688597441, 0.004452283028513193, 0.004411985632032156, 0.00438577588647604, 0.0045537506230175495, 0.004738534335047007, 0.0043897381983697414, 0.004345301538705826, 0.004443138837814331, 0.0047070784494280815, 0.004313355311751366, 0.004460384603589773, 0.004450750071555376, 0.004439985379576683, 0.004298054613173008, 0.00432195607572794, 0.0042677694000303745, 0.004439428448677063, 0.0043343435972929, 0.004278139676898718, 0.004326428286731243, 0.0044372715055942535],