{"loss": [0.0071143279783427715, 0.006478908937424421, 0.006214564200490713, 0.006053858902305365, 0.005923031363636255, 0.005812268238514662, 0.005730909761041403, 0.005665665492415428, 0.005594399757683277, 0.005538929719477892, 0.0054723541252315044, 0.005418351851403713, 0.005386811215430498, 0.005336468573659658, 0.005289922934025526, 0.005257608834654093], "accuracy": [0.18062035739421844, 0.18146376311779022, 0.18181785941123962, 0.18204550445079803, 0.1821988821029663, 0.18232616782188416, 0.18242542445659637, 0.1824994683265686, 0.1825743019580841, 0.18264533579349518, 0.1827106773853302, 0.1827544867992401, 0.1827978491783142, 0.18284396827220917, 0.1828903704881668, 0.18292748928070068], "val_loss": [0.005908675957471132, 0.00576305715367198, 0.005740570370107889, 0.005727668292820454, 0.005664123222231865, 0.005535781849175692, 0.005595135036855936, 0.005620846524834633, 0.005674507934600115, 0.006093824747949839, 0.005832918453961611, 0.005607505328953266, 0.005551098380237818, 0.005641513038426638, 0.005606603808701038, 0.005987160373479128], "val_accuracy": [0.14800269901752472, 0.14802516996860504, 0.14818161725997925, 0.1480458527803421, 0.14813846349716187, 0.1483425498008728, 0.1483236700296402, 0.14829489588737488, 0.1482422947883606, 0.14820723235607147, 0.14809125661849976, 0.14836323261260986, 0.14828680455684662, 0.1482926458120346, 0.14820319414138794, 0.14797842502593994]}