{"loss": [0.02103264257311821, 0.017475098371505737, 0.015314620919525623, 0.013548702001571655, 0.012349260970950127, 0.011514134705066681, 0.01087723858654499, 0.010363784618675709, 0.00994021538645029, 0.00965302437543869, 0.009313061833381653, 0.009084442630410194, 0.008869390934705734, 0.00867621973156929, 0.008482476696372032, 0.008338769897818565, 0.008175111375749111, 0.008044769056141376, 0.007900788448750973, 0.007795859593898058, 0.007659341674298048, 0.007571525406092405, 0.0074391900561749935, 0.007343956269323826, 0.0072466726414859295, 0.007151743862777948, 0.007062118966132402, 0.0069618974812328815, 0.006896319333463907, 0.006814940832555294, 0.006741677410900593, 0.006672128569334745, 0.006609853822737932, 0.006537411827594042, 0.006451749708503485, 0.006414399482309818, 0.006353294476866722, 0.006294155027717352, 0.006249663420021534, 0.006191678810864687, 0.006149538327008486, 0.006106366403400898, 0.006040336098521948, 0.006010457873344421, 0.005953545216470957, 0.00593547010794282, 0.0058750249445438385, 0.005844737868756056, 0.005802961997687817, 0.005769534967839718, 0.0057220980525016785, 0.005696455482393503, 0.005655648652464151, 0.005615872330963612, 0.005604390986263752, 0.005544730927795172, 0.005534220952540636, 0.005512915551662445, 0.005458693020045757, 0.005417604930698872, 0.005417689215391874, 0.005373000167310238, 0.0053528910502791405, 0.005317842587828636, 0.0053024752996861935, 0.005278896540403366, 0.005237284582108259, 0.005223375745117664, 0.005198245868086815, 0.005159580148756504, 0.005156185477972031, 0.005106134805828333, 0.005105555057525635, 0.005063669290393591, 0.005053426139056683, 0.005024743732064962, 0.005003570578992367, 0.004982329905033112, 0.0049627842381596565, 0.004933089949190617, 0.004917690996080637, 0.004902780521661043, 0.004865335300564766, 0.004845490213483572, 0.004821427166461945, 0.004814310930669308, 0.004780790768563747, 0.004769334103912115, 0.004726523067802191, 0.004736434668302536, 0.004693616181612015, 0.004690728150308132, 0.004666723310947418, 0.004647090565413237, 0.004626899491995573, 0.004610008094459772, 0.004595459438860416, 0.004568023141473532, 0.004547775723040104, 0.004557582084089518], "accuracy": [0.17189103364944458, 0.17660284042358398, 0.18028520047664642, 0.18296591937541962, 0.1847013533115387, 0.18588833510875702, 0.18674683570861816, 0.18741865456104279, 0.18800504505634308, 0.18838366866111755, 0.18881405889987946, 0.18911701440811157, 0.1893913596868515, 0.18962758779525757, 0.18983061611652374, 0.1900099515914917, 0.1901944875717163, 0.19031548500061035, 0.19048362970352173, 0.19058874249458313, 0.19071979820728302, 0.19082266092300415, 0.19094276428222656, 0.19104088842868805, 0.19113309681415558, 0.19122172892093658, 0.1913178414106369, 0.1914171576499939, 0.19146957993507385, 0.1915576010942459, 0.19162558019161224, 0.19169366359710693, 0.19175618886947632, 0.19180697202682495, 0.19187839329242706, 0.19192002713680267, 0.19196172058582306, 0.19202828407287598, 0.1920703798532486, 0.19211706519126892, 0.19215349853038788, 0.19219093024730682, 0.19224725663661957, 0.1922684609889984, 0.19230493903160095, 0.1923329383134842, 0.1923806220293045, 0.19240176677703857, 0.19241510331630707, 0.19245994091033936, 0.1924850344657898, 0.19251032173633575, 0.1925342082977295, 0.1925555020570755, 0.1925750970840454, 0.19261208176612854, 0.19261343777179718, 0.1926368772983551, 0.19266757369041443, 0.1926870048046112, 0.19269520044326782, 0.19271604716777802, 0.1927332878112793, 0.19275228679180145, 0.19277167320251465, 0.19278107583522797, 0.19280306994915009, 0.1928165704011917, 0.19283315539360046, 0.19284650683403015, 0.19285589456558228, 0.19288158416748047, 0.1928887963294983, 0.19289878010749817, 0.19291692972183228, 0.1929231733083725, 0.19294287264347076, 0.19294856488704681, 0.19296956062316895, 0.1929684579372406, 0.19298580288887024, 0.19300204515457153, 0.19300174713134766, 0.19301843643188477, 0.19302503764629364, 0.193041130900383, 0.193047434091568, 0.19305013120174408, 0.19307252764701843, 0.19306936860084534, 0.19307562708854675, 0.19308686256408691, 0.1930936723947525, 0.19309715926647186, 0.1931179016828537, 0.19311821460723877, 0.19312375783920288, 0.19313465058803558, 0.1931418478488922, 0.19314804673194885], "val_loss": [0.020002488046884537, 0.0194889847189188, 0.01804226264357567, 0.01661759801208973, 0.016633473336696625, 0.014876402914524078, 0.014035760425031185, 0.013242973946034908, 0.013467594049870968, 0.012296491302549839, 0.01186263095587492, 0.011790172196924686, 0.011496654711663723, 0.010793941095471382, 0.010757120326161385, 0.010470816865563393, 0.010048761032521725, 0.01006627269089222, 0.010191660374403, 0.00946178287267685, 0.009520106948912144, 0.00915493257343769, 0.008892526850104332, 0.00893882755190134, 0.008605445735156536, 0.008614115417003632, 0.008859996683895588, 0.00857482384890318, 0.008218970149755478, 0.007999202236533165, 0.008028133772313595, 0.00780103262513876, 0.007872484624385834, 0.007926885969936848, 0.0077233281917870045, 0.0075813657604157925, 0.00790081825107336, 0.007558673154562712, 0.0077402954921126366, 0.0073816971853375435, 0.007488439790904522, 0.0071928962133824825, 0.007426112424582243, 0.007174456957727671, 0.007214375771582127, 0.007277820259332657, 0.00726827047765255, 0.00700391735881567, 0.007069788407534361, 0.006938223727047443, 0.00689424155279994, 0.006919389590620995, 0.006815987639129162, 0.006754610221832991, 0.00678470591083169, 0.006880341097712517, 0.006705970969051123, 0.0066811996512115, 0.006700532045215368, 0.006782010663300753, 0.006667929235845804, 0.006759339943528175, 0.0066091581247746944, 0.006631240714341402, 0.006579212378710508, 0.00653429189696908, 0.006593564059585333, 0.006795292254537344, 0.006545056588947773, 0.0065092365257442, 0.006378939375281334, 0.006711164023727179, 0.006558295339345932, 0.006464853882789612, 0.00648505100980401, 0.006367722526192665, 0.006477490533143282, 0.006337142549455166, 0.006274218671023846, 0.006272467318922281, 0.006321607623249292, 0.006323954090476036, 0.006263855844736099, 0.006462427321821451, 0.006288988050073385, 0.006232927553355694, 0.0062360092997550964, 0.0061784908175468445, 0.006311616860330105, 0.006253888364881277, 0.006516932975500822, 0.006186963990330696, 0.0062602125108242035, 0.006144409533590078, 0.00612680334597826, 0.006066066212952137, 0.006059636361896992, 0.006072286516427994, 0.006124311592429876, 0.006055776495486498],