{"loss": [0.0017583490116521716, 0.0017294306308031082, 0.0017116711242124438, 0.001700288732536137, 0.0016894345171749592, 0.0016838356386870146, 0.001662202994339168, 0.0016559475334361196, 0.001654749270528555, 0.0016332255909219384, 0.0016411920078098774, 0.001625730306841433, 0.001627868739888072, 0.001623315503820777, 0.0016061050118878484, 0.0016123007517307997, 0.00159188243560493, 0.0016011020634323359, 0.0015882092993706465, 0.0015732161700725555, 0.0015910383081063628, 0.0015608114190399647, 0.0015717874048277736, 0.0015682235825806856, 0.0015636654570698738, 0.0015426703030243516, 0.001549097360111773, 0.0015360285760834813, 0.0015488382196053863, 0.0015292386524379253, 0.0015279847430065274, 0.0015245141694322228, 0.001520443707704544, 0.0015246103284880519, 0.0015034276293590665, 0.0014977003447711468, 0.0015145742800086737, 0.0015009301714599133, 0.0014924498973414302, 0.0014877967769280076, 0.001497878460213542, 0.0014931231271475554, 0.0014675947604700923, 0.0014770937850698829, 0.0014742942294105887, 0.0014691305113956332, 0.0014665713533759117, 0.0014725800137966871, 0.0014489373425021768, 0.0014482509577646852, 0.0014603260206058621, 0.0014367465628311038, 0.001447184244170785, 0.0014434579061344266, 0.001431059674359858, 0.0014314112486317754, 0.0014341436326503754, 0.0014285938814282417, 0.0014164868043735623, 0.0014202711172401905, 0.0014149891212582588, 0.0014116065576672554, 0.0014180195285007358, 0.001400990760885179, 0.0014022595714777708, 0.001414993079379201, 0.0013848411617800593, 0.0014011022867634892, 0.0013898436445742846, 0.0013814460253342986, 0.0014018131187185645, 0.0013796115526929498, 0.0013848342932760715, 0.0013785938499495387, 0.001368556055240333, 0.0013833822449669242, 0.001354870037175715, 0.00137058284599334, 0.0013683168217539787, 0.0013596939388662577, 0.001351887476630509, 0.001358685432933271, 0.0013589096488431096, 0.0013451629783958197, 0.0013497157488018274, 0.001336210872977972, 0.0013541590888053179, 0.0013364297337830067, 0.0013419901952147484, 0.0013361466117203236, 0.0013244845904409885, 0.0013228837633505464, 0.0013227580348029733, 0.0013340972363948822, 0.0013231178745627403, 0.0013253692304715514, 0.0013143379474058747, 0.00130311562679708, 0.001312442123889923, 0.00131042895372957], "accuracy": [0.17207729816436768, 0.17208944261074066, 0.17209714651107788, 0.1721036732196808, 0.17210771143436432, 0.1721143126487732, 0.17211265861988068, 0.17212045192718506, 0.17212262749671936, 0.17212441563606262, 0.17212606966495514, 0.17213138937950134, 0.17213116586208344, 0.17213310301303864, 0.17213265597820282, 0.17213550209999084, 0.17213894426822662, 0.1721392571926117, 0.1721421778202057, 0.17214509844779968, 0.17214202880859375, 0.1721472591161728, 0.17214681208133698, 0.1721469610929489, 0.17214854061603546, 0.17215287685394287, 0.17215010523796082, 0.1721528023481369, 0.17215490341186523, 0.1721520572900772, 0.17215992510318756, 0.1721549779176712, 0.17215774953365326, 0.17215678095817566, 0.17216373980045319, 0.1721629947423935, 0.17216037213802338, 0.17216143012046814, 0.17216621339321136, 0.1721671223640442, 0.17216457426548004, 0.17216621339321136, 0.17217063903808594, 0.17216981947422028, 0.17216981947422028, 0.17217378318309784, 0.17217311263084412, 0.1721712350845337, 0.17217318713665009, 0.17217835783958435, 0.17217648029327393, 0.1721816509962082, 0.17217625677585602, 0.17218150198459625, 0.17217805981636047, 0.17218120396137238, 0.1721804440021515, 0.17218397557735443, 0.17218180000782013, 0.1721828430891037, 0.1721847951412201, 0.1721835881471634, 0.17218419909477234, 0.1721871942281723, 0.17218546569347382, 0.17218628525733948, 0.17218883335590363, 0.1721857637166977, 0.17219041287899017, 0.17219138145446777, 0.17218561470508575, 0.1721877157688141, 0.1721913069486618, 0.17219071090221405, 0.17219281196594238, 0.17219004034996033, 0.1721934825181961, 0.1721930354833603, 0.17219296097755432, 0.1721954345703125, 0.17219655215740204, 0.1721925139427185, 0.1721952110528946, 0.17219729721546173, 0.17219491302967072, 0.17219655215740204, 0.1721971482038498, 0.1721983551979065, 0.17219588160514832, 0.17219969630241394, 0.17219969630241394, 0.17220038175582886, 0.1722014993429184, 0.1721971482038498, 0.17220090329647064, 0.1722017228603363, 0.17220164835453033, 0.1722041219472885, 0.1722038984298706, 0.17220449447631836], "val_loss": [0.0021774321794509888, 0.0017934686038643122, 0.001773127936758101, 0.0016768228961154819, 0.0017499420791864395, 0.0016376146813854575, 0.0019134300528094172, 0.0017170935170724988, 0.0016737583791837096, 0.00174484692979604, 0.0016423155320808291, 0.001710729324258864, 0.0017252517864108086, 0.0017605964094400406, 0.0017316697631031275, 0.0015992345288395882, 0.0016205772990360856, 0.001565895159728825, 0.0020018655341118574, 0.0017119452822953463, 0.0015869520138949156, 0.0016843939665704966, 0.0015462285373359919, 0.0015442926669493318, 0.0015683097299188375, 0.0015889870701357722, 0.0016147465212270617, 0.0015659660566598177, 0.0016900284681469202, 0.0015430604107677937, 0.0018243929371237755, 0.001523437793366611, 0.0018066109623759985, 0.0016228839522227645, 0.001504087820649147, 0.0018448532791808248, 0.0015139735769480467, 0.0015586154768243432, 0.002007429488003254, 0.0016682634595781565, 0.0014808418927714229, 0.0014948062598705292, 0.0015280165243893862, 0.0015503257745876908, 0.0020197671838104725, 0.0015451794024556875, 0.0014733790885657072, 0.0014820892829447985, 0.0014657031279057264, 0.0014707037480548024, 0.0016708015464246273, 0.0015363434795290232, 0.0016904118238016963, 0.0014840313233435154, 0.0015098595758900046, 0.0014620815636590123, 0.0015234322054311633, 0.0014526289887726307, 0.0016469280235469341, 0.0017189441714435816, 0.0015121148899197578, 0.0014457792276516557, 0.0014823200181126595, 0.0014173308154568076, 0.0015066138003021479, 0.0014156135730445385, 0.0015922667225822806, 0.0016567283309996128, 0.0015564019558951259, 0.001406841678544879, 0.0014077747473493218, 0.0014419478829950094, 0.001526875188574195, 0.0019528002012521029, 0.0016806692583486438, 0.0013742598239332438, 0.0014097412349656224, 0.0014303402276709676, 0.0014008389553055167, 0.0014014248736202717, 0.0014845258556306362, 0.00138492148835212, 0.0013841838808730245, 0.0013573351316154003, 0.001710286713205278, 0.0014375625178217888, 0.001401539077050984, 0.0015559609746560454, 0.0013765286421403289, 0.001350577105768025, 0.0014258348383009434, 0.0014725542860105634, 0.0013699405826628208, 0.0014552257489413023, 0.0015361541882157326, 0.0013596931239590049, 0.0017069765599444509, 0.0014716413570567966, 0.0014052254846319556, 0.0014025246491655707],