{"loss": [0.05526202172040939, 0.029035206884145737, 0.022778935730457306, 0.01972028613090515, 0.017853956669569016, 0.01603774167597294, 0.014131301082670689, 0.01200302504003048, 0.010649827308952808, 0.009967423975467682, 0.009460963308811188, 0.008978242985904217, 0.008607727475464344, 0.00830626580864191, 0.008009806275367737, 0.007628964260220528, 0.007200315594673157, 0.006979359779506922, 0.006765394471585751, 0.006577597931027412, 0.006468517705798149, 0.006291160825639963, 0.0061796363443136215, 0.0060996743850409985, 0.005954745691269636, 0.005868245381861925, 0.005787642672657967, 0.005675175692886114, 0.005613820627331734, 0.005531385540962219, 0.00541192851960659, 0.0053330520167946815, 0.005272050853818655, 0.005186490714550018, 0.005076654255390167, 0.00498460466042161, 0.004936115816235542, 0.004848758690059185, 0.004761243239045143, 0.0047059934586286545, 0.004628562834113836, 0.004560051951557398, 0.00452723354101181, 0.004445916507393122, 0.004378295503556728, 0.004360972438007593, 0.004283325280994177, 0.004248162265866995, 0.004179609008133411, 0.004133090376853943, 0.004093416966497898, 0.004055013880133629, 0.004034674260765314, 0.003929332364350557, 0.0039021510165184736, 0.003880506381392479, 0.00382623472250998, 0.003779561724513769, 0.003720678621903062, 0.003670305712148547, 0.0036824161652475595, 0.003574483562260866, 0.0035543330013751984, 0.0035135892685502768, 0.003466074587777257, 0.0034218376968055964, 0.003374324180185795, 0.003343053860589862, 0.003287892322987318, 0.003255588235333562, 0.0032120842952281237, 0.0031633786857128143, 0.003108056727796793, 0.003085453063249588, 0.0030375695787370205, 0.0029992025811225176, 0.0029923655092716217, 0.0029182876460254192, 0.0028855258133262396, 0.0028631032910197973, 0.002822553040459752, 0.002801005495712161, 0.0027769438456743956, 0.0027326515410095453, 0.0027133719995617867, 0.002701678778976202, 0.0026451137382537127, 0.0026338868774473667, 0.0026102529373019934, 0.0025740470737218857, 0.002560021821409464, 0.0025497765745967627, 0.002515762345865369, 0.0024992655962705612, 0.0024842664133757353, 0.002460312331095338, 0.002434549853205681, 0.0024194277357310057, 0.0024182633496820927, 0.002405797829851508], "accuracy": [0.15273736417293549, 0.17283684015274048, 0.178480863571167, 0.18009637296199799, 0.18120945990085602, 0.18255630135536194, 0.18513555824756622, 0.18735268712043762, 0.1881721168756485, 0.18852445483207703, 0.1887696385383606, 0.18897873163223267, 0.18914955854415894, 0.1892726868391037, 0.1893942654132843, 0.18949542939662933, 0.18957649171352386, 0.1896437257528305, 0.18972326815128326, 0.18977878987789154, 0.18983954191207886, 0.18989737331867218, 0.18996500968933105, 0.19001217186450958, 0.19008809328079224, 0.19015361368656158, 0.190211221575737, 0.19028447568416595, 0.19035200774669647, 0.19043347239494324, 0.1905515044927597, 0.19062893092632294, 0.1907312124967575, 0.19083568453788757, 0.190969318151474, 0.19109900295734406, 0.19122342765331268, 0.19134822487831116, 0.19146572053432465, 0.1915685385465622, 0.19168731570243835, 0.19174697995185852, 0.19181421399116516, 0.19189460575580597, 0.19196122884750366, 0.1919957995414734, 0.19207517802715302, 0.19210252165794373, 0.19215090572834015, 0.19221076369285583, 0.19226369261741638, 0.1922936588525772, 0.19232957065105438, 0.19238747656345367, 0.1924407035112381, 0.19246448576450348, 0.19251786172389984, 0.19256438314914703, 0.1926146149635315, 0.19267435371875763, 0.19269897043704987, 0.19275900721549988, 0.1928170621395111, 0.1928476244211197, 0.1929025799036026, 0.19294942915439606, 0.1930006742477417, 0.19303640723228455, 0.1930922120809555, 0.19313551485538483, 0.19317466020584106, 0.19322754442691803, 0.19327597320079803, 0.19330470263957977, 0.19335149228572845, 0.19337815046310425, 0.19340504705905914, 0.19345085322856903, 0.19346816837787628, 0.19348767399787903, 0.19352060556411743, 0.19353805482387543, 0.19355686008930206, 0.19358116388320923, 0.1935940831899643, 0.19360880553722382, 0.19362956285476685, 0.19363656640052795, 0.1936500072479248, 0.19366608560085297, 0.19367653131484985, 0.1936839520931244, 0.193692147731781, 0.19370484352111816, 0.1937166005373001, 0.19372308254241943, 0.1937367171049118, 0.19374556839466095, 0.19375140964984894, 0.19375334680080414], "val_loss": [0.027963167056441307, 0.023118983954191208, 0.020220274105668068, 0.019122039899230003, 0.01927075907588005, 0.014790534973144531, 0.013494076207280159, 0.010950062423944473, 0.010480846278369427, 0.009751916863024235, 0.0092475526034832, 0.009295208379626274, 0.010042055509984493, 0.008387231267988682, 0.007856261916458607, 0.007268642075359821, 0.008282911032438278, 0.006590386852622032, 0.00642741983756423, 0.0063739074394106865, 0.006056079175323248, 0.006091299932450056, 0.005833545234054327, 0.00591852143406868, 0.006205360870808363, 0.0056285131722688675, 0.005458081606775522, 0.005395087879151106, 0.005376987159252167, 0.005372420884668827, 0.005202100146561861, 0.004985501058399677, 0.0049296291545033455, 0.004883782938122749, 0.004837594926357269, 0.0048722573556005955, 0.004616082645952702, 0.0048632072284817696, 0.004471142776310444, 0.004879563115537167, 0.004559448920190334, 0.004538158420473337, 0.004212644416838884, 0.0043501704931259155, 0.0043624513782560825, 0.0042061214335262775, 0.00424162345007062, 0.00392415514215827, 0.0039674811996519566, 0.004061800893396139, 0.004438366740942001, 0.003869305131956935, 0.003771137911826372, 0.003727637929841876, 0.0036319957580417395, 0.003560268320143223, 0.0035040767397731543, 0.003508137771859765, 0.003699518507346511, 0.003344560507684946, 0.003529421053826809, 0.0033736745826900005, 0.003526522545143962, 0.0032877104822546244, 0.0032955934293568134, 0.003745658788830042, 0.0031620392110198736, 0.003082753624767065, 0.003119636792689562, 0.0031319144181907177, 0.0032942218240350485, 0.0030430369079113007, 0.003449323121458292, 0.003154297359287739, 0.0031333162914961576, 0.0029101278632879257, 0.0028233863413333893, 0.002685210667550564, 0.00282891932874918, 0.00277691800147295, 0.0027211657725274563, 0.0026233820244669914, 0.0025386980269104242, 0.002633363474160433, 0.002623999025672674, 0.002509569749236107, 0.00292550353333354, 0.0024709675926715136, 0.0031865432392805815, 0.002558619249612093, 0.002668519038707018, 0.002716831397265196, 0.002402447396889329, 0.002743181772530079, 0.0023601031862199306, 0.002424535807222128, 0.0023877653293311596, 0.002378391334787011, 0.0022514346055686474, 0.002265235874801874],