{"loss": [0.009886874817311764, 0.008826262317597866, 0.008348447270691395, 0.00804380513727665, 0.0077899303287267685, 0.00759646063670516, 0.0074259694665670395, 0.007270308677107096, 0.007154198829084635, 0.0070105562917888165, 0.00691317580640316, 0.00682388199493289, 0.006732811685651541, 0.006646906025707722, 0.006564159411936998, 0.006505968514829874, 0.006409263703972101, 0.006359306629747152, 0.00630501052364707, 0.006232480518519878, 0.006184648722410202, 0.006126485764980316, 0.00606759125366807, 0.0060231974348425865, 0.005984358489513397, 0.005927107762545347, 0.0058886222541332245, 0.0058447206392884254, 0.005807267501950264, 0.0057568904012441635, 0.005729480180889368], "accuracy": [0.17905482649803162, 0.18025298416614532, 0.18079982697963715, 0.1811322718858719, 0.18139934539794922, 0.1816033571958542, 0.18177904188632965, 0.18189342319965363, 0.18199613690376282, 0.18210665881633759, 0.1822051703929901, 0.18227049708366394, 0.18233607709407806, 0.18240530788898468, 0.18245473504066467, 0.1825208067893982, 0.18257586658000946, 0.18261434137821198, 0.18264970183372498, 0.18270224332809448, 0.18273285031318665, 0.1827806532382965, 0.1828041672706604, 0.1828380674123764, 0.18287384510040283, 0.18291637301445007, 0.1829317808151245, 0.18295808136463165, 0.18299317359924316, 0.18301770091056824, 0.1830422580242157], "val_loss": [0.007930691353976727, 0.007805809378623962, 0.007947951555252075, 0.00746954744681716, 0.0076871528290212154, 0.007692080922424793, 0.00759833725169301, 0.008048689924180508, 0.007400081492960453, 0.00747812632471323, 0.0073871491476893425, 0.007530819159001112, 0.007357619237154722, 0.007518318016082048, 0.007196484133601189, 0.00734256487339735, 0.0073859309777617455, 0.007324935402721167, 0.007385345175862312, 0.007557509932667017, 0.006912108510732651, 0.007249675691127777, 0.0075899818912148476, 0.007259765174239874, 0.0072595360688865185, 0.007031476125121117, 0.007525096647441387, 0.007048146333545446, 0.007303121965378523, 0.007044008933007717, 0.006946314126253128], "val_accuracy": [0.14670175313949585, 0.14656038582324982, 0.1463424414396286, 0.14706848561763763, 0.146734818816185, 0.1467442661523819, 0.14641059935092926, 0.14588157832622528, 0.14694128930568695, 0.14678069949150085, 0.14700168371200562, 0.14665552973747253, 0.1468842774629593, 0.14705972373485565, 0.14743353426456451, 0.14740991592407227, 0.14704857766628265, 0.1469176858663559, 0.14720816910266876, 0.14697469770908356, 0.14777934551239014, 0.14722435176372528, 0.14720208942890167, 0.14720715582370758, 0.1470566838979721, 0.14748886227607727, 0.1471238136291504, 0.14742746949195862, 0.1474396139383316, 0.1472516804933548, 0.14745277166366577]}