{"loss": [0.0019579287618398666, 0.0019189660670235753, 0.0018885605968534946, 0.0018638146575540304, 0.001844652695581317, 0.0018561506876721978, 0.0018217404140159488, 0.0018133242847397923, 0.001810870016925037, 0.0017891853349283338, 0.0017879956867545843, 0.0017775578889995813, 0.0017705075442790985, 0.0017445912817493081, 0.0017662402242422104, 0.0017332287970930338, 0.0017251588869839907, 0.0017339290352538228, 0.0017186789773404598, 0.0017141207354143262, 0.0016929180128499866, 0.0016899775946512818, 0.0017013795441016555, 0.0016794989351183176, 0.0016709318151697516, 0.0016516336472705007, 0.0016699314583092928, 0.0016502683283761144, 0.001646665739826858, 0.0016413632547482848, 0.0016373398248106241, 0.0016357258427888155, 0.0016334704123437405, 0.0016088710399344563, 0.001612266874872148, 0.0016032822895795107, 0.0016012534033507109, 0.0015797404339537024, 0.001605244935490191, 0.0015763601986691356, 0.0015762586845085025, 0.0015874113887548447, 0.0015718141803517938, 0.001566768391057849, 0.0015482238959521055, 0.0015516140265390277, 0.0015443859156221151, 0.0015437372494488955, 0.001538469223305583, 0.00154809036757797, 0.001522391801699996, 0.0015253671444952488, 0.001525006489828229, 0.0015137671725824475, 0.0015071970410645008, 0.0015093333786353469, 0.0014942764537408948, 0.001497788354754448, 0.0014971612254157662, 0.0014958793763071299, 0.0014874381013214588, 0.0014729397371411324, 0.0014837372582405806, 0.001456547062844038, 0.0014740746701136231, 0.0014572048094123602, 0.0014732760610058904, 0.001440271269530058, 0.0014613346429541707, 0.0014493113849312067, 0.0014419107465073466, 0.001439455314539373, 0.0014352863654494286, 0.0014344078954309225, 0.0014207883505150676, 0.0014367102412506938, 0.001429354422725737, 0.001407962292432785, 0.0014210890512913465, 0.001415350823663175, 0.0014102394925430417, 0.001408935058861971, 0.001392172183841467, 0.001405100803822279, 0.0013918373733758926, 0.001405056449584663, 0.0013832981931045651, 0.0013952568406239152, 0.0013681083219125867, 0.0013881807681173086, 0.0013631378533318639, 0.0013768193311989307, 0.0013748587807640433, 0.0013642719713971019, 0.001366341020911932, 0.0013555979821830988, 0.0013561274390667677, 0.0013626693980768323, 0.0013431962579488754, 0.0013597557554021478], "accuracy": [0.17205587029457092, 0.17207415401935577, 0.17208658158779144, 0.1720927208662033, 0.17210261523723602, 0.17210815846920013, 0.1721080094575882, 0.17211174964904785, 0.17211519181728363, 0.1721193939447403, 0.17212627828121185, 0.1721276342868805, 0.17212927341461182, 0.1721319705247879, 0.17213287949562073, 0.17214126884937286, 0.17213766276836395, 0.17213602364063263, 0.17214380204677582, 0.17214815318584442, 0.17214711010456085, 0.17215174436569214, 0.1721484512090683, 0.1721535474061966, 0.17215564846992493, 0.17215265333652496, 0.1721566915512085, 0.1721571385860443, 0.17216448485851288, 0.17216134071350098, 0.17216268181800842, 0.17216357588768005, 0.17216792702674866, 0.172164186835289, 0.1721680760383606, 0.172170028090477, 0.17217272520065308, 0.1721692830324173, 0.17217077314853668, 0.17217391729354858, 0.17217586934566498, 0.17217302322387695, 0.1721755713224411, 0.17217960953712463, 0.1721782684326172, 0.17217886447906494, 0.17217916250228882, 0.17218200862407684, 0.1721806675195694, 0.17218215763568878, 0.17218230664730072, 0.17218096554279327, 0.17218559980392456, 0.17218755185604095, 0.17218665778636932, 0.17218425869941711, 0.17219054698944092, 0.17218799889087677, 0.1721893548965454, 0.17219054698944092, 0.17218980193138123, 0.17219235002994537, 0.17219144105911255, 0.17219339311122894, 0.1721920520067215, 0.17219623923301697, 0.1721927970647812, 0.17219609022140503, 0.1721956431865692, 0.17219623923301697, 0.17219728231430054, 0.1721951961517334, 0.17219983041286469, 0.1721975952386856, 0.17219848930835724, 0.17219789326190948, 0.17219923436641693, 0.17220237851142883, 0.1722014844417572, 0.17220312356948853, 0.17220433056354523, 0.17220328748226166, 0.17220433056354523, 0.17220312356948853, 0.17220492660999298, 0.1722029745578766, 0.17220613360404968, 0.1722053736448288, 0.17220747470855713, 0.17220762372016907, 0.17220792174339294, 0.1722058206796646, 0.1722085177898407, 0.17220866680145264, 0.17220807075500488, 0.17221197485923767, 0.17220807075500488, 0.17221271991729736, 0.17220927774906158, 0.17221121490001678], "val_loss": [0.0028893693815916777, 0.0020031374879181385, 0.0019233471248298883, 0.0022524846717715263, 0.0019150436855852604, 0.0018943959148600698, 0.00205338466912508, 0.002021531108766794, 0.0018766112625598907, 0.0021218841429799795, 0.0020965056028217077, 0.0018619779730215669, 0.0018117952859029174, 0.0017464548582211137, 0.0018417569808661938, 0.0018766301218420267, 0.002013271441683173, 0.0017905811546370387, 0.0019432473927736282, 0.0017545350128784776, 0.002580041764304042, 0.0017518354579806328, 0.0017097701784223318, 0.0017093517817556858, 0.0016990219010040164, 0.0017391734290868044, 0.0017262354958802462, 0.001674144878052175, 0.0016908955294638872, 0.001767738489434123, 0.0017295102588832378, 0.001634717918932438, 0.0017432646127417684, 0.001628106227144599, 0.001633373904041946, 0.0016267511527985334, 0.0016866620862856507, 0.0017320670885965228, 0.001620857510715723, 0.001646718941628933, 0.0017492201877757907, 0.0016276531387120485, 0.00158540194388479, 0.0016617625951766968, 0.0017133267829194665, 0.0018434430239722133, 0.00162311433814466, 0.0016434314893558621, 0.0015945446211844683, 0.001596231828443706, 0.001572021865285933, 0.0015831681666895747, 0.0015626947861164808, 0.0016158603830263019, 0.0016287341713905334, 0.0015731569146737456, 0.0016360330628231168, 0.0015526206698268652, 0.0015702869277447462, 0.0015511647798120975, 0.0015432309592142701, 0.0016301862196996808, 0.0016219214303418994, 0.0015132824191823602, 0.0015687198610976338, 0.0015555639984086156, 0.0015306551940739155, 0.0015217720065265894, 0.001605972764082253, 0.0017578094266355038, 0.0015450883656740189, 0.0014803136000409722, 0.0015020635910332203, 0.0015955283306539059, 0.0015418209368363023, 0.0014969068579375744, 0.0014659418957307935, 0.001495111035183072, 0.0014601701404899359, 0.0015623915242031217, 0.001491782022640109, 0.001515628187917173, 0.0015262170927599072, 0.001513672643341124, 0.0015440701972693205, 0.001486410852521658, 0.0014311395352706313, 0.001429643714800477, 0.001587364706210792, 0.0015434804372489452, 0.0017893871990963817, 0.0015737662324681878, 0.001489240792579949, 0.001483831088989973, 0.0015382356941699982, 0.0015511148376390338, 0.0015121093019843102, 0.0014011848252266645, 0.001636012690141797, 0.001628310070373118],