{"loss": [0.005072980187833309, 0.004855051636695862, 0.004748516716063023, 0.004665767773985863, 0.004584070295095444, 0.0045344214886426926, 0.004498043097555637, 0.004455440677702427, 0.004407815635204315, 0.004366644192487001, 0.004349322058260441, 0.004319254774600267, 0.004279437940567732, 0.004268223885446787, 0.004225407261401415, 0.004227368161082268, 0.004186226986348629, 0.004162163008004427, 0.004144585225731134, 0.004138510674238205, 0.004101091995835304, 0.004073596093803644, 0.004066899418830872, 0.004057159647345543, 0.004019418731331825, 0.004020010586827993, 0.003992632031440735, 0.003983162343502045, 0.0039557041600346565, 0.003950496204197407, 0.003934520296752453, 0.003909797873347998, 0.00389332533814013, 0.0038987775333225727, 0.003850831650197506, 0.0038738849107176065, 0.0038296435959637165, 0.003829596098512411, 0.0038120304234325886, 0.0038005129899829626, 0.003785127541050315, 0.003778012003749609, 0.003771871794015169, 0.0037355588283389807, 0.0037466862704604864, 0.003718947060406208, 0.0037121432833373547, 0.0037060582544654608, 0.003682802664116025, 0.0036839039530605078, 0.0036607724614441395, 0.0036552913952618837, 0.0036379662342369556, 0.0036323743406683207, 0.003617326496168971, 0.003611041000112891, 0.0035992073826491833, 0.0035875721368938684, 0.0035883989185094833, 0.003570291679352522], "accuracy": [0.1700582355260849, 0.1703871637582779, 0.17053207755088806, 0.17064841091632843, 0.17072327435016632, 0.17079471051692963, 0.17083869874477386, 0.17088933289051056, 0.1709291636943817, 0.17097032070159912, 0.17099988460540771, 0.1710251420736313, 0.17105883359909058, 0.17108067870140076, 0.17110981047153473, 0.17112703621387482, 0.17114967107772827, 0.1711781919002533, 0.17119228839874268, 0.17120562493801117, 0.1712266206741333, 0.1712535172700882, 0.17126667499542236, 0.17127852141857147, 0.17129459977149963, 0.1713162511587143, 0.17132386565208435, 0.17133866250514984, 0.17135466635227203, 0.17136456072330475, 0.17137153446674347, 0.1713944673538208, 0.1714036911725998, 0.17141522467136383, 0.17142905294895172, 0.171431303024292, 0.17144663631916046, 0.1714596003293991, 0.1714661568403244, 0.17148324847221375, 0.17148332297801971, 0.17149677872657776, 0.17150142788887024, 0.1715203821659088, 0.17151959240436554, 0.17153091728687286, 0.17153853178024292, 0.1715453863143921, 0.17155636847019196, 0.1715596616268158, 0.1715693324804306, 0.171571284532547, 0.17158736288547516, 0.17158788442611694, 0.17160040140151978, 0.17160728573799133, 0.17161183059215546, 0.17162273824214935, 0.1716274917125702, 0.17163176834583282], "val_loss": [0.005113643128424883, 0.005163726396858692, 0.0052477577701210976, 0.005005162674933672, 0.004901615437120199, 0.004897275939583778, 0.004787803161889315, 0.004816405940800905, 0.0048505873419344425, 0.0048906742595136166, 0.004986612591892481, 0.004894796758890152, 0.004689792171120644, 0.004873364698141813, 0.004967099521309137, 0.004679593723267317, 0.004742290358990431, 0.004550076089799404, 0.004644365515559912, 0.004608880262821913, 0.004568815231323242, 0.004588922951370478, 0.00524182990193367, 0.004524934571236372, 0.004634254612028599, 0.004687378648668528, 0.004864079412072897, 0.004706563428044319, 0.004529498517513275, 0.004550029989331961, 0.004512122366577387, 0.004727474879473448, 0.0044857230968773365, 0.004700708203017712, 0.004417047835886478, 0.004563894122838974, 0.004618125502020121, 0.004810662474483252, 0.004420314449816942, 0.004600377753376961, 0.004514168947935104, 0.004556357394903898, 0.0043670558370649815, 0.004753103479743004, 0.004583391360938549, 0.004511598031967878, 0.00436997227370739, 0.004457846283912659, 0.004356857389211655, 0.0043073538690805435, 0.004493595100939274, 0.004363254643976688, 0.00440154829993844, 0.004903899971395731, 0.004789390135556459, 0.004539670422673225, 0.004486417863518, 0.004378362093120813, 0.0045293341390788555, 0.004448280204087496], "val_accuracy": [0.20157282054424286, 0.2012231945991516, 0.20105226337909698, 0.20120465755462646, 0.20143425464630127, 0.20136615633964539, 0.20164801180362701, 0.20163553953170776, 0.20152798295021057, 0.2017993927001953, 0.20128455758094788, 0.20173095166683197, 0.20171241462230682, 0.20157620310783386, 0.20129433274269104, 0.20167869329452515, 0.20179669559001923, 0.2018192857503891, 0.201940655708313, 0.2017478048801422, 0.20177848637104034, 0.20179568231105804, 0.2012103796005249, 0.2017572522163391, 0.20176061987876892, 0.20176905393600464, 0.20149965584278107, 0.20165744423866272, 0.20180141925811768, 0.20177578926086426, 0.20182670652866364, 0.20160889625549316, 0.201833114027977, 0.20165812969207764, 0.20192953944206238, 0.20165812969207764, 0.20170532166957855, 0.20175690948963165, 0.2018681764602661, 0.20172320306301117, 0.2018853724002838, 0.20173802971839905, 0.20191167294979095, 0.20158934593200684, 0.20172959566116333, 0.20186008512973785, 0.20196393132209778, 0.2018381655216217, 0.20189952850341797, 0.20199325680732727, 0.20178590714931488, 0.2018991857767105, 0.20189547538757324, 0.2015708088874817, 0.20159170031547546, 0.20176365971565247, 0.20179805159568787, 0.20195043087005615, 0.20176737010478973, 0.20178355276584625]}