{"loss": [0.0033216115552932024, 0.0031748153269290924, 0.0030982389580458403, 0.0030470341444015503, 0.0029902562964707613, 0.0029616826213896275, 0.002911998424679041, 0.0029097539372742176, 0.0028460801113396883, 0.0028202724643051624, 0.0028081743512302637, 0.0027715556789189577, 0.0027364904526621103, 0.0027148297522217035, 0.0026938344817608595, 0.0026901059318333864, 0.0026566374581307173, 0.002613373100757599, 0.002618241822347045, 0.0026079006493091583, 0.0025564972311258316, 0.002566964365541935, 0.0025282339192926884, 0.002512684790417552, 0.0024988835211843252, 0.002493970561772585, 0.002465183613821864, 0.0024491932708770037, 0.0024091326631605625, 0.002443598583340645, 0.0024053354281932116, 0.002376255579292774, 0.002383862854912877, 0.0023469736333936453, 0.0023535715881735086, 0.002333573065698147, 0.002319042105227709, 0.0023097314406186342, 0.002295764395967126, 0.0022797624114900827, 0.002273826627060771, 0.002261408604681492, 0.002236645668745041, 0.0022456804290413857, 0.002220489550381899, 0.002223716117441654, 0.002189303282648325, 0.002190375467762351, 0.0021610327530652285, 0.0021709881257265806, 0.00216117431409657, 0.0021479250863194466, 0.002137799048796296, 0.002132867695763707, 0.002108789049088955, 0.0021075375843793154, 0.0021054416429251432, 0.002084932988509536, 0.0020881877280771732, 0.002063506282866001, 0.0020511371549218893, 0.0020606685429811478, 0.0020365884993225336, 0.0020357880275696516, 0.0020240400917828083, 0.0020137447863817215, 0.0020233357790857553, 0.0019949099514633417, 0.0019971972797065973, 0.0019915036391466856, 0.001972919562831521, 0.00195961631834507, 0.001960758352652192, 0.001967568416148424, 0.0019408765947446227, 0.0019397661089897156, 0.001941968803294003, 0.001900769886560738, 0.0019193668849766254, 0.0019208334852010012, 0.0019119330681860447, 0.0018974124686792493, 0.0018848816398531199, 0.001883385470137, 0.0018868612824007869, 0.0018659441266208887, 0.0018665409879758954, 0.001857707742601633, 0.0018452474614605308, 0.001849538297392428, 0.00185677083209157, 0.0018278550123795867, 0.0018105352064594626, 0.0018144019413739443, 0.0018142412882298231, 0.0018040956929326057, 0.0017998144030570984, 0.001797318458557129, 0.0017943981802091002, 0.001772540621459484], "accuracy": [0.18402905762195587, 0.18409857153892517, 0.18413706123828888, 0.18416732549667358, 0.1841960847377777, 0.18422754108905792, 0.18424057960510254, 0.18426604568958282, 0.1842813342809677, 0.1842985600233078, 0.18431353569030762, 0.18434125185012817, 0.18434694409370422, 0.18435503542423248, 0.18437060713768005, 0.184379443526268, 0.18439757823944092, 0.1844143569469452, 0.1844194382429123, 0.18442633748054504, 0.18444056808948517, 0.18444611132144928, 0.18446767330169678, 0.1844760626554489, 0.184472918510437, 0.1844826638698578, 0.18449029326438904, 0.1845027357339859, 0.1845109760761261, 0.18451501429080963, 0.1845274567604065, 0.1845368891954422, 0.1845419853925705, 0.18454602360725403, 0.18455171585083008, 0.18456055223941803, 0.18456220626831055, 0.1845761388540268, 0.18457913398742676, 0.18457913398742676, 0.184593066573143, 0.1845918595790863, 0.18460071086883545, 0.18460609018802643, 0.18461433053016663, 0.18460910022258759, 0.18462301790714264, 0.18462736904621124, 0.1846342533826828, 0.18463560938835144, 0.18463246524333954, 0.18464669585227966, 0.1846444457769394, 0.1846492439508438, 0.184651181101799, 0.184657484292984, 0.18465852737426758, 0.1846672147512436, 0.18466466665267944, 0.1846739500761032, 0.18467949330806732, 0.1846785992383957, 0.18468159437179565, 0.18468114733695984, 0.18468204140663147, 0.1846962720155716, 0.1846896857023239, 0.1846986711025238, 0.18469567596912384, 0.18469911813735962, 0.18469896912574768, 0.18469896912574768, 0.18470557034015656, 0.1847037672996521, 0.18471530079841614, 0.18471170961856842, 0.1847158968448639, 0.18471485376358032, 0.18471665680408478, 0.1847158968448639, 0.18472309410572052, 0.18472188711166382, 0.18472309410572052, 0.1847304254770279, 0.1847233921289444, 0.18473012745380402, 0.18473148345947266, 0.18472833931446075, 0.184733584523201, 0.1847308874130249, 0.18473012745380402, 0.184736430644989, 0.18474435806274414, 0.18473896384239197, 0.18474286794662476, 0.18474316596984863, 0.18474511802196503, 0.18474180996418, 0.18474316596984863, 0.18474766612052917], "val_loss": [0.0031817087437957525, 0.0030101763550192118, 0.0031803962774574757, 0.002850183052942157, 0.00305618136189878, 0.003563973354175687, 0.0027556985151022673, 0.002725747646763921, 0.0026877648197114468, 0.0026704000774770975, 0.0026556001976132393, 0.0027107507921755314, 0.0026276512071490288, 0.002724889200180769, 0.0026188769843429327, 0.0026899927761405706, 0.002746088430285454, 0.002693816088140011, 0.002504581119865179, 0.0025755870155990124, 0.00247907149605453, 0.0024537835270166397, 0.002616889774799347, 0.0025858310982584953, 0.0027978443540632725, 0.002547412645071745, 0.0027979672886431217, 0.0024209676776081324, 0.0025960749480873346, 0.0026227175258100033, 0.0023849625140428543, 0.0023648119531571865, 0.002808878431096673, 0.002428437815979123, 0.0023230346851050854, 0.0024076199624687433, 0.002539881970733404, 0.0024956448469311, 0.002600165316835046, 0.002668165136128664, 0.002308594761416316, 0.002308301627635956, 0.0022048361133784056, 0.0023376315366476774, 0.002243910450488329, 0.0022403199691325426, 0.0023263555485755205, 0.002268129726871848, 0.0023025732953101397, 0.002273569582030177, 0.0022053509019315243, 0.002406471408903599, 0.0022009979002177715, 0.0022817060817033052, 0.002141824923455715, 0.002107528503984213, 0.0025299659464508295, 0.0021079168654978275, 0.0024865735322237015, 0.0021752638276666403, 0.0026783577632158995, 0.0022400575689971447, 0.002430074382573366, 0.0020667328499257565, 0.0022690719924867153, 0.002156231552362442, 0.0021021084394305944, 0.0020870512817054987, 0.0022249328903853893, 0.002222103998064995, 0.002257788321003318, 0.002074260264635086, 0.0020324888173490763, 0.0020250582601875067, 0.0019514707382768393, 0.0022031019907444715, 0.0020272477995604277, 0.0019367029890418053, 0.00200066389515996, 0.0020362497307360172, 0.0019595406483858824, 0.001957039115950465, 0.0022252830676734447, 0.002026172121986747, 0.0018898164853453636, 0.0018819482065737247, 0.001989928539842367, 0.0019850116223096848, 0.0018738548969849944, 0.0022171949967741966, 0.0019064274383708835, 0.0019693379290401936, 0.0018824867438524961, 0.0019319653511047363, 0.0021058320999145508, 0.0018577130977064371, 0.001952132792212069, 0.0018760075327008963, 0.002022049156948924, 0.001899972092360258],