{"loss": [0.005861353594809771, 0.005663942079991102, 0.005568031221628189, 0.005454376805573702, 0.005400082096457481, 0.005350352264940739, 0.005298278760164976, 0.005243377760052681, 0.0052145360969007015, 0.005168786272406578, 0.00512666953727603, 0.005098192486912012, 0.00506925955414772, 0.0050279865972697735, 0.005009118467569351, 0.004962959326803684, 0.004957188852131367, 0.004911378957331181, 0.004891056567430496, 0.004873422905802727, 0.004847743082791567, 0.0048200092278420925, 0.004784042481333017, 0.00478319451212883, 0.004755804780870676, 0.004724863916635513, 0.004707606974989176, 0.004681073594838381, 0.004682302474975586, 0.00464299600571394, 0.004620770458132029, 0.00461300415918231, 0.004607845097780228, 0.0045671407133340836, 0.004563739523291588, 0.004549321252852678, 0.004530610516667366, 0.0045020063407719135, 0.004513918422162533, 0.004456849303096533, 0.004461529199033976, 0.0044381385669112206, 0.004434568341821432, 0.004388297442346811, 0.00440614391118288, 0.0043946970254182816, 0.004352116491645575, 0.004367428366094828, 0.004331079311668873, 0.0043214247561991215, 0.004311767406761646, 0.004291300196200609, 0.004273439757525921, 0.00426933728158474, 0.004253987688571215, 0.00426442502066493, 0.004236085806041956, 0.004208270460367203, 0.00419833417981863, 0.0041895657777786255, 0.004184843506664038, 0.004151694476604462, 0.004168532323092222, 0.004130586050450802, 0.004140628967434168, 0.004111257381737232, 0.004107489716261625, 0.0041006398387253284, 0.004079743288457394, 0.004079318139702082, 0.004060081206262112, 0.004052673000842333, 0.004028015304356813, 0.0040367827750742435, 0.004026550799608231, 0.003997248597443104, 0.003996660467237234, 0.0039820363745093346, 0.003967179451137781, 0.003970487043261528, 0.00395210599526763, 0.003939689137041569, 0.0039275651797652245, 0.0039248280227184296, 0.003917465917766094, 0.0039037258829921484, 0.0038869341369718313], "accuracy": [0.16939303278923035, 0.16970041394233704, 0.16987450420856476, 0.16999369859695435, 0.17006094753742218, 0.1701415777206421, 0.1702074259519577, 0.17025168240070343, 0.1702965945005417, 0.1703474521636963, 0.1703769713640213, 0.17042838037014008, 0.17046070098876953, 0.17049697041511536, 0.17051534354686737, 0.17055031657218933, 0.17056874930858612, 0.17060892283916473, 0.17062070965766907, 0.1706489771604538, 0.1706775575876236, 0.17068904638290405, 0.17072242498397827, 0.170719712972641, 0.17075088620185852, 0.1707710325717926, 0.17078611254692078, 0.17079609632492065, 0.17081469297409058, 0.17083007097244263, 0.17084316909313202, 0.170865997672081, 0.17086049914360046, 0.1708826720714569, 0.17090380191802979, 0.1709127575159073, 0.1709204912185669, 0.17093883454799652, 0.17094926536083221, 0.17095306515693665, 0.1709747016429901, 0.1709807962179184, 0.1709916889667511, 0.17101271450519562, 0.17101866006851196, 0.17101851105690002, 0.17104683816432953, 0.1710439920425415, 0.17105627059936523, 0.17108115553855896, 0.1710851937532425, 0.17109553515911102, 0.17111027240753174, 0.17110364139080048, 0.17113161087036133, 0.17111967504024506, 0.17113231122493744, 0.17115093767642975, 0.17115987837314606, 0.17116917669773102, 0.1711796224117279, 0.17119155824184418, 0.17119410634040833, 0.17120563983917236, 0.17120684683322906, 0.17122532427310944, 0.17123086750507355, 0.17123810946941376, 0.1712481528520584, 0.17125090956687927, 0.17126379907131195, 0.17127643525600433, 0.17129077017307281, 0.17128556966781616, 0.1712992638349533, 0.1713014543056488, 0.1713121086359024, 0.17131920158863068, 0.1713324338197708, 0.17133598029613495, 0.1713462769985199, 0.1713586151599884, 0.1713579148054123, 0.1713690459728241, 0.1713714450597763, 0.17138034105300903, 0.17139312624931335], "val_loss": [0.005772921722382307, 0.005602311342954636, 0.00544291315600276, 0.005612903740257025, 0.005596346687525511, 0.005410075653344393, 0.006376497447490692, 0.005305043421685696, 0.005352421198040247, 0.005751635413616896, 0.005324877332895994, 0.005425744690001011, 0.005218249745666981, 0.005561178550124168, 0.005273681133985519, 0.005367158446460962, 0.005468735005706549, 0.005298397038131952, 0.005438335705548525, 0.00531575083732605, 0.005195551551878452, 0.005364604294300079, 0.005239537451416254, 0.0054801818914711475, 0.005124722607433796, 0.005313578527420759, 0.00516943633556366, 0.0051095569506287575, 0.005162391345947981, 0.005272629205137491, 0.005276978015899658, 0.005143832881003618, 0.005009090062230825, 0.005153711885213852, 0.005054026376456022, 0.005210631527006626, 0.005169612355530262, 0.005063533317297697, 0.0051331836730241776, 0.005011009518057108, 0.004935403820127249, 0.005353991873562336, 0.005066098645329475, 0.005332419648766518, 0.004956091288477182, 0.004933647811412811, 0.005243063438683748, 0.004910829942673445, 0.004970426205545664, 0.005126413889229298, 0.004895768593996763, 0.00511248130351305, 0.005134971812367439, 0.004915568511933088, 0.004941690247505903, 0.00505836820229888, 0.00510440394282341, 0.005121109541505575, 0.005742589011788368, 0.004813042934983969, 0.004856303799897432, 0.004831328056752682, 0.00486388336867094, 0.0052615865133702755, 0.0047569964081048965, 0.005038718692958355, 0.004972397815436125, 0.00477559445425868, 0.004784357734024525, 0.004775700159370899, 0.004759093746542931, 0.004829360172152519, 0.004929620772600174, 0.004723259713500738, 0.004682288970798254, 0.004706232342869043, 0.004666113760322332, 0.00467580696567893, 0.0052566854283213615, 0.004686624277383089, 0.004843261558562517, 0.004742255434393883, 0.00476875901222229, 0.0047859507612884045, 0.004680161364376545, 0.004734785761684179, 0.004836437292397022], "val_accuracy": [0.2001330703496933, 0.20073409378528595, 0.2007323056459427, 0.20085231959819794, 0.20068643987178802, 0.2009260505437851, 0.20050258934497833, 0.20109058916568756, 0.2010325938463211, 0.20064373314380646, 0.20081141591072083, 0.2006797045469284, 0.20105057954788208, 0.20069678127765656, 0.20092245936393738, 0.20068734884262085, 0.20055922865867615, 0.20074039697647095, 0.2009202092885971, 0.20072466135025024, 0.2009952813386917, 0.20089098811149597, 0.20119577646255493, 0.2005947381258011, 0.20110586285591125, 0.20100471377372742, 0.20107169449329376, 0.20096246898174286, 0.20094537734985352, 0.20094898343086243, 0.2011791467666626, 0.200873002409935, 0.2011197954416275, 0.20098944008350372, 0.20104113221168518, 0.20108789205551147, 0.20085501670837402, 0.20092694461345673, 0.2009700983762741, 0.20119936764240265, 0.20122769474983215, 0.20102405548095703, 0.20133782923221588, 0.2009013295173645, 0.20110946893692017, 0.20125825703144073, 0.20107485353946686, 0.20125016570091248, 0.2011418342590332, 0.20113463699817657, 0.20132029056549072, 0.20111440122127533, 0.2010038197040558, 0.2012793868780136, 0.20111890137195587, 0.20115217566490173, 0.20113778114318848, 0.20107664167881012, 0.20078714191913605, 0.2012569159269333, 0.20120970904827118, 0.20130276679992676, 0.20147763192653656, 0.20114722847938538, 0.20137648284435272, 0.20112429559230804, 0.20124702155590057, 0.20143897831439972, 0.20130006968975067, 0.20126815140247345, 0.20129737257957458, 0.20116789638996124, 0.20119532942771912, 0.2015131562948227, 0.20138008892536163, 0.2013607621192932, 0.201372891664505, 0.20142368972301483, 0.20122364163398743, 0.20142818987369537, 0.20134906470775604, 0.20139627158641815, 0.20131444931030273, 0.20140975713729858, 0.2013135552406311, 0.20155270397663116, 0.20121151208877563]}