{"loss": [0.008175913244485855, 0.007567738648504019, 0.007264490704983473, 0.007044436410069466, 0.00687768217176199, 0.006750328931957483, 0.006630615796893835, 0.00653311051428318, 0.006454027257859707, 0.006368644069880247, 0.006277936510741711, 0.006232185289263725, 0.006153762806206942, 0.00609970185905695, 0.006030838470906019, 0.005980590358376503, 0.005931623745709658, 0.005887441337108612, 0.0058368900790810585, 0.005784742068499327, 0.0057395645417273045, 0.005703127011656761, 0.005647593177855015, 0.005622618366032839, 0.00559600256383419, 0.005546922795474529, 0.005514431744813919, 0.005478567909449339, 0.005447642877697945, 0.005415148101747036, 0.005407822784036398, 0.005356405396014452, 0.0053221695125103, 0.005306235048919916, 0.005270720459520817, 0.005266334395855665, 0.0052285511046648026, 0.005199875682592392, 0.005179128609597683, 0.005145794712007046, 0.005135237239301205, 0.005118983332067728, 0.005082377232611179, 0.005070514045655727, 0.005043606739491224, 0.005031324457377195, 0.0050030667334795, 0.004989713430404663, 0.004968757275491953, 0.004948427900671959, 0.004919771570712328, 0.0049245357513427734, 0.004881234839558601, 0.004863803740590811, 0.004866405855864286, 0.004840976558625698, 0.00482473848387599, 0.004803908057510853, 0.004781883209943771, 0.004780362825840712, 0.00474829925224185, 0.004754617810249329, 0.004729477688670158, 0.004693368449807167, 0.004699408542364836, 0.004679378587752581, 0.004669526591897011, 0.004647919908165932, 0.004653402138501406, 0.004615871701389551, 0.004606347065418959, 0.004600100219249725, 0.004585564602166414, 0.004562282934784889, 0.004558464977890253, 0.004532936494797468, 0.004534588195383549, 0.00451713427901268, 0.004518637899309397, 0.004487788770347834, 0.004474850371479988, 0.004472678527235985, 0.00445427093654871, 0.004441390745341778, 0.004429679363965988, 0.004430817440152168, 0.00440513901412487, 0.004399359691888094, 0.004391962196677923, 0.0043716272339224815, 0.0043643866665661335, 0.004350864794105291], "accuracy": [0.16775347292423248, 0.16841243207454681, 0.16874735057353973, 0.16901245713233948, 0.16920430958271027, 0.16935408115386963, 0.16948676109313965, 0.16958977282047272, 0.1696593463420868, 0.16975924372673035, 0.16983911395072937, 0.16988641023635864, 0.16996392607688904, 0.17000596225261688, 0.17008689045906067, 0.17010459303855896, 0.17015978693962097, 0.17019294202327728, 0.17023858428001404, 0.17027916014194489, 0.17030484974384308, 0.1703496277332306, 0.1703830361366272, 0.1704007387161255, 0.1704242080450058, 0.1704694777727127, 0.17049160599708557, 0.17050468921661377, 0.17054173350334167, 0.17054897546768188, 0.1705661118030548, 0.17059622704982758, 0.17062611877918243, 0.170632004737854, 0.17065326869487762, 0.17066556215286255, 0.17068491876125336, 0.17070576548576355, 0.17071953415870667, 0.17073948681354523, 0.17075301706790924, 0.1707683950662613, 0.17078500986099243, 0.17079786956310272, 0.1708126813173294, 0.17082341015338898, 0.17083904147148132, 0.17085108160972595, 0.17086900770664215, 0.17087358236312866, 0.17089559137821198, 0.17089511454105377, 0.17091217637062073, 0.17092832922935486, 0.17093297839164734, 0.17094773054122925, 0.1709519624710083, 0.1709742695093155, 0.17098218202590942, 0.1709902435541153, 0.1710061877965927, 0.1710016429424286, 0.17102032899856567, 0.17103524506092072, 0.17103543877601624, 0.17105460166931152, 0.17105700075626373, 0.17107050120830536, 0.1710725575685501, 0.17109116911888123, 0.17109791934490204, 0.17110180854797363, 0.1711137443780899, 0.1711193323135376, 0.17113253474235535, 0.17114242911338806, 0.17115060985088348, 0.17114955186843872, 0.17116332054138184, 0.17116878926753998, 0.17118053138256073, 0.17118330299854279, 0.17119905352592468, 0.1712092161178589, 0.17121438682079315, 0.17121225595474243, 0.1712212860584259, 0.1712343394756317, 0.17123614251613617, 0.17124570906162262, 0.1712488979101181, 0.1712574064731598], "val_loss": [0.007398020476102829, 0.0072228615172207355, 0.007343577221035957, 0.0071290843188762665, 0.007100935559719801, 0.00712644774466753, 0.007050924003124237, 0.006952522788196802, 0.006901190150529146, 0.007032616529613733, 0.007164933253079653, 0.006914922501891851, 0.006948038470000029, 0.006993062328547239, 0.006695902440696955, 0.006706572603434324, 0.006862153299152851, 0.0068284026347100735, 0.006814869586378336, 0.006687061861157417, 0.006715807132422924, 0.006909975782036781, 0.006881603971123695, 0.0067965262569487095, 0.007049915846437216, 0.006564192473888397, 0.006854857783764601, 0.006717330310493708, 0.0065664928406476974, 0.0066537922248244286, 0.006486700847744942, 0.006616891827434301, 0.006560043897479773, 0.006481785327196121, 0.006613675504922867, 0.006387390661984682, 0.00652300613000989, 0.006519671063870192, 0.006505430210381746, 0.006511437240988016, 0.006614863406866789, 0.006339669693261385, 0.006711950991302729, 0.00645402679219842, 0.006338697392493486, 0.0063112275674939156, 0.006467864383012056, 0.00663478160277009, 0.006647829432040453, 0.006273443344980478, 0.0065705678425729275, 0.006341440137475729, 0.006354795768857002, 0.00651707174256444, 0.006273842416703701, 0.006422537844628096, 0.006302995141595602, 0.006205820478498936, 0.006302956026047468, 0.0067067500203847885, 0.006247888319194317, 0.006214325316250324, 0.00622204877436161, 0.006269790697842836, 0.0061994255520403385, 0.006196623668074608, 0.006427360232919455, 0.006378349382430315, 0.0061255102045834064, 0.006191702093929052, 0.006159339100122452, 0.006075584329664707, 0.006070141680538654, 0.006163040641695261, 0.006250566802918911, 0.006379936821758747, 0.006208416074514389, 0.006204305216670036, 0.006037088576704264, 0.006081637926399708, 0.006065267603844404, 0.005967693403363228, 0.006194205489009619, 0.0060979025438427925, 0.006107982713729143, 0.006155088078230619, 0.006167043931782246, 0.00597621314227581, 0.006072866264730692, 0.006216520443558693, 0.006030660588294268, 0.006047235801815987], "val_accuracy": [0.20015080273151398, 0.19985492527484894, 0.20011909306049347, 0.20010054111480713, 0.2001909613609314, 0.1999358981847763, 0.19986741244792938, 0.20010694861412048, 0.20028744637966156, 0.20031242072582245, 0.20035795867443085, 0.2003326565027237, 0.20032860338687897, 0.20023414492607117, 0.20046761631965637, 0.20035560429096222, 0.20038968324661255, 0.20038090646266937, 0.20041058957576752, 0.20030634105205536, 0.2005850225687027, 0.20028170943260193, 0.20053204894065857, 0.20042409002780914, 0.20062145590782166, 0.20066632330417633, 0.2006106674671173, 0.2007412314414978, 0.20045208930969238, 0.20079217851161957, 0.20078913867473602, 0.20063292980194092, 0.2007584273815155, 0.2006417065858841, 0.200640007853508, 0.2009456753730774, 0.20080634951591492, 0.20076484978199005, 0.20071963965892792, 0.20085999369621277, 0.2006012201309204, 0.2007489949464798, 0.20094366371631622, 0.20071423053741455, 0.20102766156196594, 0.2007257044315338, 0.20079217851161957, 0.2006133645772934, 0.2005327194929123, 0.20097233355045319, 0.2008596509695053, 0.20082423090934753, 0.2009379267692566, 0.2009945958852768, 0.20109614729881287, 0.20071052014827728, 0.20090924203395844, 0.20088596642017365, 0.20092375576496124, 0.20047739148139954, 0.2012425810098648, 0.20082522928714752, 0.20111943781375885, 0.20092476904392242, 0.2009369134902954, 0.20108097791671753, 0.20095647871494293, 0.2008667290210724, 0.20110391080379486, 0.2009851485490799, 0.20101618766784668, 0.2011319100856781, 0.2011713832616806, 0.20106849074363708, 0.20103272795677185, 0.20102597773075104, 0.2012408971786499, 0.20099224150180817, 0.2012985795736313, 0.20114946365356445, 0.2009585052728653, 0.2011474370956421, 0.20106478035449982, 0.20092274248600006, 0.2014487236738205, 0.20119702816009521, 0.20116566121578217, 0.2011670023202896, 0.20108771324157715, 0.20088359713554382, 0.20092779397964478, 0.20123954117298126]}