{"loss": [0.0037216991186141968, 0.0036761793307960033, 0.0036327724810689688, 0.003614000277593732, 0.003603942459449172, 0.003591194748878479, 0.003572827437892556, 0.003537130542099476, 0.003536650910973549, 0.003507968271151185, 0.0035176840610802174, 0.003513602539896965, 0.0034693630877882242, 0.0034805145114660263, 0.0034770038910210133, 0.003439185209572315, 0.0034508330281823874, 0.0034221531823277473, 0.0034279993269592524, 0.003418564796447754, 0.003410041332244873, 0.003400046844035387, 0.0033784315455704927, 0.0033898798283189535], "accuracy": [0.17170724272727966, 0.1717451512813568, 0.17175938189029694, 0.17177437245845795, 0.17178799211978912, 0.17178605496883392, 0.17180342972278595, 0.17181721329689026, 0.17181631922721863, 0.1718280017375946, 0.17182666063308716, 0.17184044420719147, 0.17183998227119446, 0.17185257375240326, 0.17185646295547485, 0.1718546748161316, 0.1718660593032837, 0.17186111211776733, 0.17186979949474335, 0.17186830937862396, 0.17187610268592834, 0.17187954485416412, 0.17188583314418793, 0.17188268899917603], "val_loss": [0.0036944386083632708, 0.003678318578749895, 0.003633885644376278, 0.003669765777885914, 0.0037141703069210052, 0.00364599353633821, 0.003581697354093194, 0.003608624916523695, 0.004261705558747053, 0.003845919854938984, 0.004167092964053154, 0.003651763778179884, 0.003572510788217187, 0.003450260264798999, 0.003920905292034149, 0.003707266179844737, 0.0036022730637341738, 0.004017381463199854, 0.003478235099464655, 0.003510769223794341, 0.004379132762551308, 0.0035447170957922935, 0.003676450112834573, 0.0035112362820655107], "val_accuracy": [0.20300808548927307, 0.20304717123508453, 0.2029905617237091, 0.20296630263328552, 0.20297978818416595, 0.20304447412490845, 0.20305120944976807, 0.2030458152294159, 0.2030215561389923, 0.20299191772937775, 0.20304717123508453, 0.20312128961086273, 0.20308759808540344, 0.20308220386505127, 0.20304986834526062, 0.2030310034751892, 0.20310378074645996, 0.20302291214466095, 0.20309299230575562, 0.2030552625656128, 0.20308895409107208, 0.20312398672103882, 0.2030458152294159, 0.20308895409107208]}