{"loss": [0.004181663040071726, 0.003969964571297169, 0.00388516066595912, 0.0037996910978108644, 0.003749166615307331, 0.0036976903211325407, 0.003641801420599222, 0.003636225825175643, 0.003580475226044655, 0.003553577931597829, 0.0035248124040663242, 0.00349186803214252, 0.0034743165597319603, 0.003442734247073531, 0.0034325351007282734, 0.003394688945263624, 0.003373483195900917, 0.003359830006957054, 0.0033556243870407343, 0.0033134149853140116, 0.0033064044546335936, 0.0032771623227745295, 0.0032590338960289955, 0.003260095836594701, 0.003232997376471758, 0.0032226413022726774, 0.0031956781167536974, 0.0031919952016323805, 0.0031696732621639967, 0.0031511501874774694, 0.0031422022730112076, 0.003113900078460574, 0.003117843298241496, 0.003092874540016055, 0.0030829657334834337, 0.0030692322179675102, 0.0030614023562520742, 0.0030355509370565414, 0.0030257634352892637, 0.0030212579295039177, 0.0030051912181079388, 0.0029927613213658333, 0.002981567056849599, 0.002968379994854331, 0.0029554732609540224, 0.0029520036187022924, 0.0029333794955164194, 0.0029256714042276144, 0.0029284062329679728, 0.002887261100113392, 0.002887396141886711, 0.0028851258102804422, 0.0028773234225809574, 0.0028614583425223827, 0.002853402402251959, 0.0028323051519691944, 0.0028330963104963303, 0.002824357943609357, 0.002820395864546299, 0.0027987805660814047, 0.002795709762722254, 0.002776945708319545, 0.0027790996246039867, 0.002773502841591835, 0.002751260995864868, 0.0027600866742432117, 0.0027426760643720627, 0.0027369260787963867, 0.0027211373671889305, 0.0027214791625738144, 0.002704760991036892, 0.0027003365103155375, 0.002696566516533494, 0.002691647270694375, 0.0026680680457502604, 0.002674918156117201, 0.002659120596945286, 0.002649325644597411, 0.002654146868735552, 0.0026358694303780794, 0.0026318931486457586, 0.0026268463116139174, 0.002610065508633852, 0.0026170085184276104, 0.002601172309368849, 0.0025939305778592825, 0.0025868297088891268, 0.0025784652680158615, 0.002577834064140916, 0.0025701369158923626, 0.0025626260321587324, 0.0025608649011701345, 0.002541386056691408, 0.0025356824044138193, 0.002549411728978157, 0.002513337880373001, 0.0025283629074692726, 0.002511785365641117, 0.00250967382453382, 0.0025084172375500202], "accuracy": [0.17110180854797363, 0.1712893545627594, 0.1713675707578659, 0.17144079506397247, 0.17148622870445251, 0.17153006792068481, 0.17155420780181885, 0.17158839106559753, 0.17160864174365997, 0.17162972688674927, 0.17165522277355194, 0.17167451977729797, 0.17168711125850677, 0.1717100441455841, 0.17171864211559296, 0.17173434793949127, 0.17175088822841644, 0.17176328599452972, 0.17176778614521027, 0.17178373038768768, 0.17179366946220398, 0.17180396616458893, 0.1718156635761261, 0.17182031273841858, 0.17183320224285126, 0.17183910310268402, 0.1718529462814331, 0.17186065018177032, 0.17186179757118225, 0.1718727946281433, 0.17188304662704468, 0.17188839614391327, 0.17189744114875793, 0.17190442979335785, 0.17190703749656677, 0.17191177606582642, 0.17191912233829498, 0.17192837595939636, 0.1719352751970291, 0.1719403713941574, 0.17194391787052155, 0.17194831371307373, 0.1719559133052826, 0.1719619631767273, 0.1719636619091034, 0.1719692051410675, 0.1719714105129242, 0.17197775840759277, 0.17198289930820465, 0.17198440432548523, 0.17199330031871796, 0.17199429869651794, 0.17200005054473877, 0.17200064659118652, 0.17200329899787903, 0.17201119661331177, 0.17201294004917145, 0.17201624810695648, 0.17201484739780426, 0.1720212996006012, 0.17202569544315338, 0.17202788591384888, 0.1720302850008011, 0.17203278839588165, 0.17204034328460693, 0.17204053699970245, 0.17204304039478302, 0.1720474362373352, 0.17204448580741882, 0.17205093801021576, 0.17205457389354706, 0.17205427587032318, 0.17206038534641266, 0.17206068336963654, 0.17206522822380066, 0.17206688225269318, 0.17206917703151703, 0.17207257449626923, 0.17207323014736176, 0.17207777500152588, 0.17207972705364227, 0.17208047211170197, 0.17208287119865417, 0.17208261787891388, 0.17208626866340637, 0.17209017276763916, 0.17209111154079437, 0.172094464302063, 0.17209741473197937, 0.1720959097146988, 0.172098308801651, 0.17210081219673157, 0.17210441827774048, 0.1721087545156479, 0.17210745811462402, 0.17211246490478516, 0.17211340367794037, 0.17211535573005676, 0.17211590707302094, 0.17211966216564178], "val_loss": [0.004191925749182701, 0.00416930764913559, 0.004132397938519716, 0.0042208172380924225, 0.004319311119616032, 0.004043068736791611, 0.00408236775547266, 0.0041174571961164474, 0.0039946334436535835, 0.004010692238807678, 0.0041957879438996315, 0.003970397170633078, 0.00394056923687458, 0.003918468486517668, 0.003893838496878743, 0.004029799252748489, 0.003845671657472849, 0.0039338618516922, 0.0038713288959115744, 0.0038252375088632107, 0.003978105261921883, 0.003856722265481949, 0.003922410309314728, 0.0037950945552438498, 0.0037293448112905025, 0.00376615347340703, 0.0038103358820080757, 0.0038159682881087065, 0.003698816755786538, 0.003812498413026333, 0.0036632735282182693, 0.0037032258696854115, 0.003607763210311532, 0.0036818264052271843, 0.0036109578795731068, 0.003864232450723648, 0.003625093027949333, 0.0036478538531810045, 0.0038035111501812935, 0.0036514110397547483, 0.0036053506191819906, 0.0036908527836203575, 0.003550609340891242, 0.0036489206831902266, 0.0041960193775594234, 0.003749424358829856, 0.0036579964216798544, 0.003555998904630542, 0.003530697198584676, 0.003711906960234046, 0.0035397447645664215, 0.0035160714760422707, 0.003546312917023897, 0.0037052647676318884, 0.0035045419353991747, 0.003502045990899205, 0.0035711622331291437, 0.0038899818900972605, 0.003532186383381486, 0.003649416146799922, 0.003411764046177268, 0.0034840991720557213, 0.003694016020745039, 0.0034880032762885094, 0.0034076839219778776, 0.0034996771719306707, 0.0034100806806236506, 0.0034567650873214006, 0.0034144402015954256, 0.0034481955226510763, 0.0034889057278633118, 0.0034762092400342226, 0.0034566454123705626, 0.0035598697140812874, 0.0033865091390907764, 0.0033756596967577934, 0.0033361786045134068, 0.0033572562970221043, 0.003442102810367942, 0.0033820131793618202, 0.0034784225281327963, 0.003310676198452711, 0.0034588859416544437, 0.003270100336521864, 0.0033621443435549736, 0.0034356217365711927, 0.0034068741369992495, 0.003379718866199255, 0.0033817829098552465, 0.0032881246879696846, 0.0032993077766150236, 0.003245392581447959, 0.0032648653723299503, 0.003333060769364238, 0.003234629752114415, 0.003307410515844822, 0.0033778927754610777, 0.0032332066912204027, 0.0032554096542298794, 0.0031775133684277534],