{"loss": [0.005049908068031073, 0.0048650577664375305, 0.0047883810475468636, 0.004743920173496008, 0.004729346372187138, 0.0046579260379076, 0.004633165430277586, 0.00458601675927639, 0.004584827460348606, 0.004550195764750242, 0.00450435234233737, 0.004494842607527971, 0.004482710268348455, 0.004457543604075909, 0.004406082443892956, 0.004413108807057142, 0.00438241520896554, 0.004356881137937307, 0.004356098361313343, 0.004327317234128714, 0.004305749665945768, 0.004291574005037546, 0.0042678071185946465, 0.0042526088654994965, 0.004238875582814217, 0.004222956020385027, 0.004197264090180397, 0.0041962009854614735, 0.004170053172856569, 0.0041541531682014465, 0.004139849450439215, 0.004118484910577536, 0.004115982912480831, 0.0040903291665017605, 0.00407398259267211, 0.004071340896189213, 0.004054708406329155, 0.004043920896947384, 0.004015137907117605, 0.00402359152212739, 0.004010030534118414, 0.003974650986492634, 0.003963563125580549, 0.003977292217314243, 0.003942498937249184, 0.003947234246879816, 0.003921284340322018, 0.0039041233249008656, 0.0038953048642724752, 0.0039003612473607063, 0.0038795771542936563, 0.0038793408311903477, 0.0038474772591143847, 0.0038358094170689583, 0.003831092733889818, 0.0038167445454746485, 0.003831820795312524, 0.003789236070588231, 0.0037834381218999624, 0.0037874476984143257, 0.0037668226286768913, 0.0037667821161448956, 0.003736410290002823, 0.0037389136850833893, 0.0037305266596376896, 0.0037242542020976543, 0.0037028684746474028, 0.003696778789162636, 0.003704786067828536, 0.0036762654781341553, 0.003663838841021061, 0.003653664141893387, 0.003667274257168174, 0.0036572497338056564, 0.003633406013250351, 0.0036301875952631235, 0.0036187225487083197, 0.0035975398495793343, 0.0036163250915706158, 0.0035866571124643087, 0.003578617936000228, 0.0035785266663879156, 0.0035732563119381666, 0.003558294614776969, 0.003547233995050192, 0.003548773704096675, 0.0035405836533755064, 0.0035033971071243286, 0.003534889779984951, 0.0035132921766489744, 0.0034989668056368828, 0.003502421546727419, 0.0034907623194158077, 0.0034779368434101343, 0.003464778419584036, 0.003461735090240836, 0.00346375466324389, 0.003451452124863863, 0.003441824810579419, 0.0034354254603385925], "accuracy": [0.1834792047739029, 0.18361210823059082, 0.18369466066360474, 0.18373630940914154, 0.18376357853412628, 0.183811217546463, 0.1838209629058838, 0.18386530876159668, 0.18388523161411285, 0.18390576541423798, 0.18393662571907043, 0.1839486062526703, 0.1839577555656433, 0.18397527933120728, 0.18400943279266357, 0.18400974571704865, 0.1840335577726364, 0.18404614925384521, 0.18404899537563324, 0.18406711518764496, 0.18408344686031342, 0.18408240377902985, 0.1841057687997818, 0.18411731719970703, 0.1841258555650711, 0.1841430813074112, 0.18415012955665588, 0.18415206670761108, 0.18416225910186768, 0.18417708575725555, 0.18417499959468842, 0.18419356644153595, 0.1841922253370285, 0.18419717252254486, 0.1842048019170761, 0.18421244621276855, 0.18421709537506104, 0.18423283100128174, 0.1842385232448578, 0.18423417210578918, 0.18423956632614136, 0.18425124883651733, 0.18425394594669342, 0.1842530518770218, 0.1842624843120575, 0.18427342176437378, 0.18427881598472595, 0.18428227305412292, 0.1842845231294632, 0.18429499864578247, 0.18429455161094666, 0.1843002438545227, 0.1843065470457077, 0.18431343138217926, 0.18431447446346283, 0.18432392179965973, 0.18432781100273132, 0.18433035910129547, 0.18433965742588043, 0.18434010446071625, 0.18433800339698792, 0.18434834480285645, 0.1843595802783966, 0.18435104191303253, 0.1843595802783966, 0.18436406552791595, 0.1843721568584442, 0.18437246978282928, 0.1843717098236084, 0.18437576293945312, 0.18438339233398438, 0.18438594043254852, 0.18438294529914856, 0.18438924849033356, 0.18439778685569763, 0.18440033495426178, 0.18440602719783783, 0.18440857529640198, 0.18440572917461395, 0.18441501259803772, 0.18441441655158997, 0.18441890180110931, 0.18442189693450928, 0.18442624807357788, 0.18442760407924652, 0.18443134427070618, 0.1844290941953659, 0.18444138765335083, 0.18443599343299866, 0.18444018065929413, 0.1844416856765747, 0.18444542586803436, 0.18445022404193878, 0.18445426225662231, 0.1844608634710312, 0.1844596564769745, 0.1844596564769745, 0.1844593584537506, 0.18447089195251465, 0.18447059392929077], "val_loss": [0.004842629190534353, 0.004802618641406298, 0.005283434875309467, 0.004654362332075834, 0.004603538662195206, 0.0046350848861038685, 0.004573577083647251, 0.004705252591520548, 0.00467740697786212, 0.004628879949450493, 0.004914413671940565, 0.004479206632822752, 0.004628421273082495, 0.004558897111564875, 0.004432823043316603, 0.004579370375722647, 0.004359259735792875, 0.004586160182952881, 0.004474957007914782, 0.004451493266969919, 0.004554409068077803, 0.0043366714380681515, 0.004547633696347475, 0.00444513326510787, 0.004462041892111301, 0.004298345185816288, 0.004496230743825436, 0.0042318920604884624, 0.004286992829293013, 0.004589141812175512, 0.004237881861627102, 0.004500440787523985, 0.004421377554535866, 0.004528661724179983, 0.004313635174185038, 0.004213077016174793, 0.004331360105425119, 0.0042464653961360455, 0.004406023770570755, 0.004345552064478397, 0.004398628603667021, 0.004209816921502352, 0.00424976646900177, 0.004252851940691471, 0.004084940999746323, 0.004683210048824549, 0.0040941908955574036, 0.004493572749197483, 0.0046405247412621975, 0.0042984564788639545, 0.004091273061931133, 0.004031484946608543, 0.004856713581830263, 0.0041091665625572205, 0.004124416969716549, 0.004050227347761393, 0.003980711102485657, 0.004143730737268925, 0.003986314404755831, 0.00414265226572752, 0.004343096632510424, 0.004173283465206623, 0.004083478357642889, 0.004058843944221735, 0.004267110023647547, 0.003968041855841875, 0.004079205449670553, 0.003858573269098997, 0.003850721986964345, 0.003811134723946452, 0.004267361480742693, 0.004201649688184261, 0.003984253853559494, 0.0038829194381833076, 0.0038741689641028643, 0.0037638149224221706, 0.0038270805962383747, 0.00387258711270988, 0.0038876328617334366, 0.004080525133758783, 0.004112899769097567, 0.003978535067290068, 0.0037213549949228764, 0.003747977316379547, 0.003811728674918413, 0.0037154173478484154, 0.0038016606122255325, 0.0038466264959424734, 0.0037985090166330338, 0.0037259801756590605, 0.00371169182471931, 0.0037086906377226114, 0.003818708239123225, 0.0038882712833583355, 0.0037273853085935116, 0.003680834313854575, 0.003930037375539541, 0.0037932617124170065, 0.00376804918050766, 0.0045156641863286495],