{"loss": [0.02124747820198536, 0.01685762219130993, 0.014984981156885624, 0.013949540443718433, 0.013209041208028793, 0.01267283782362938, 0.0121581656858325, 0.011762239970266819, 0.011459426023066044, 0.01116408035159111, 0.010927427560091019, 0.010705261491239071, 0.010475131683051586, 0.010321427136659622, 0.010144687257707119, 0.009978609159588814, 0.009829605929553509, 0.009696473367512226, 0.009532651863992214, 0.009461426176130772, 0.00930080097168684, 0.009209123440086842, 0.009097829461097717, 0.008988617919385433, 0.008911729790270329, 0.00879762601107359, 0.008716315031051636, 0.008645128458738327, 0.008550303988158703, 0.008472317829728127, 0.0083894869312644, 0.008333618752658367, 0.008259564638137817, 0.008176609873771667, 0.008116696029901505, 0.008063268847763538, 0.00797443650662899, 0.007952481508255005, 0.007876981981098652, 0.007809326983988285, 0.007762155495584011, 0.007707823533564806, 0.007639551535248756, 0.007616318762302399, 0.0075413561426103115, 0.0075163147412240505, 0.007451159413903952, 0.0074117411859333515, 0.007362635340541601, 0.007320706266909838, 0.007274074479937553, 0.0072521124966442585, 0.007177359890192747, 0.007149951066821814, 0.007117170840501785, 0.007082978263497353, 0.007037695962935686, 0.006995342671871185, 0.006960191763937473, 0.006940616760402918, 0.006907776929438114, 0.006836478598415852, 0.006829781457781792, 0.006803098600357771, 0.006742202211171389, 0.006748805288225412, 0.006691317539662123, 0.006670053582638502, 0.0066454303450882435, 0.006602632347494364, 0.006593186408281326, 0.006551882717758417, 0.006521373521536589, 0.0065050446428358555, 0.006463292520493269, 0.00645757419988513, 0.006410353817045689, 0.0063993968069553375, 0.006359212566167116, 0.006358741782605648, 0.006310781463980675, 0.0062974682077765465, 0.006265310570597649, 0.006247045937925577, 0.006234998814761639, 0.006201404146850109, 0.006169547792524099, 0.006155605427920818, 0.0061310348100960255, 0.006124376785010099, 0.006074331235140562, 0.006063419859856367, 0.0060342405922710896, 0.006038601044565439, 0.006000429857522249, 0.005986955948174, 0.005945263896137476, 0.00593953812494874, 0.00592580484226346, 0.005902622360736132], "accuracy": [0.1710909754037857, 0.1778978854417801, 0.18102684617042542, 0.18273711204528809, 0.1838483065366745, 0.18458890914916992, 0.185332790017128, 0.18588092923164368, 0.18628504872322083, 0.18668679893016815, 0.18698979914188385, 0.1872478872537613, 0.18753580749034882, 0.1877092868089676, 0.18790504336357117, 0.18810124695301056, 0.18828938901424408, 0.18845324218273163, 0.18860872089862823, 0.1886945515871048, 0.1888922154903412, 0.1889737844467163, 0.1891094595193863, 0.18924473226070404, 0.1893243044614792, 0.18944795429706573, 0.18956266343593597, 0.18960173428058624, 0.18973322212696075, 0.1898241639137268, 0.18990804255008698, 0.1899593472480774, 0.190028578042984, 0.19013406336307526, 0.19018927216529846, 0.19024908542633057, 0.19034287333488464, 0.1903439164161682, 0.1904418021440506, 0.19048091769218445, 0.19058170914649963, 0.19063454866409302, 0.1906936913728714, 0.19070415198802948, 0.19078433513641357, 0.19082199037075043, 0.1908818781375885, 0.19094014167785645, 0.19097164273262024, 0.19100907444953918, 0.19104541838169098, 0.19108478724956512, 0.19115757942199707, 0.19119128584861755, 0.19122634828090668, 0.19124889373779297, 0.19131647050380707, 0.19131293892860413, 0.1913730949163437, 0.19140726327896118, 0.1914321631193161, 0.19148960709571838, 0.19150681793689728, 0.1915239691734314, 0.19159038364887238, 0.1915718913078308, 0.19162090122699738, 0.1916479468345642, 0.19166657328605652, 0.19170445203781128, 0.19171041250228882, 0.19174376130104065, 0.1917908638715744, 0.19180278480052948, 0.19183050096035004, 0.1918267011642456, 0.19187985360622406, 0.1918880194425583, 0.19191356003284454, 0.19191843271255493, 0.1919546276330948, 0.1919662058353424, 0.1920056939125061, 0.19200296700000763, 0.19202253222465515, 0.19203618168830872, 0.1920677274465561, 0.1920751929283142, 0.19209010899066925, 0.19210503995418549, 0.19213402271270752, 0.1921578347682953, 0.19217467308044434, 0.1921617090702057, 0.19219905138015747, 0.1922076791524887, 0.19224192202091217, 0.19224195182323456, 0.19224978983402252, 0.1922767162322998], "val_loss": [0.021387996152043343, 0.020601145923137665, 0.020087432116270065, 0.019352810457348824, 0.018474234268069267, 0.01830061711370945, 0.01826070062816143, 0.018105411902070045, 0.01795724593102932, 0.017361581325531006, 0.01689273677766323, 0.017276203259825706, 0.017038552090525627, 0.016580235213041306, 0.015981147065758705, 0.015847554430365562, 0.015727408230304718, 0.015808487311005592, 0.015554765239357948, 0.01520225964486599, 0.015447558835148811, 0.015578951686620712, 0.015140018425881863, 0.015325049869716167, 0.014948704279959202, 0.014849403873085976, 0.01498657837510109, 0.01460845023393631, 0.014893053099513054, 0.014721682295203209, 0.014473086223006248, 0.014533471316099167, 0.014201110228896141, 0.01441822201013565, 0.01420546043664217, 0.014000662602484226, 0.013558686710894108, 0.014052994549274445, 0.013519100844860077, 0.013559449464082718, 0.01353764720261097, 0.013251145370304585, 0.013431481085717678, 0.013205751776695251, 0.013249718584120274, 0.013164364732801914, 0.013319004327058792, 0.012949087657034397, 0.013024627231061459, 0.012440415099263191, 0.012879502959549427, 0.01256162952631712, 0.012675460427999496, 0.012544921599328518, 0.012638413347303867, 0.012540935538709164, 0.012525323778390884, 0.012426938861608505, 0.012383445166051388, 0.012303518131375313, 0.013064964674413204, 0.012940949760377407, 0.012484659440815449, 0.012265524826943874, 0.012185822241008282, 0.012102652341127396, 0.012263942509889603, 0.012254799716174603, 0.011834711767733097, 0.011984036304056644, 0.011893337592482567, 0.011938718147575855, 0.011920531280338764, 0.01156135555356741, 0.011753060854971409, 0.01176439505070448, 0.011640372686088085, 0.011652970686554909, 0.011592713184654713, 0.011736935004591942, 0.011655835434794426, 0.011613748967647552, 0.011797213926911354, 0.011506380513310432, 0.01136158686131239, 0.011466201394796371, 0.011512174271047115, 0.011169769801199436, 0.01182123739272356, 0.01124455127865076, 0.011717124842107296, 0.01092472579330206, 0.011155931279063225, 0.011522128246724606, 0.01118482742458582, 0.011323625221848488, 0.011099612340331078, 0.010982649400830269, 0.010995016433298588, 0.011043855920433998],