{"loss": [0.019780760630965233, 0.018647093325853348, 0.017809603363275528, 0.01676127128303051, 0.015459851361811161, 0.01422129850834608, 0.013308169320225716, 0.01261171791702509, 0.01207882072776556, 0.011611110530793667, 0.011234755627810955, 0.010900613851845264, 0.010596423409879208, 0.010329164564609528, 0.010098524391651154, 0.009898794814944267, 0.009664964862167835, 0.009518155828118324, 0.009349824860692024, 0.009198385290801525, 0.009050766006112099, 0.008921216242015362, 0.008786927908658981, 0.008662307634949684, 0.008565369993448257, 0.008426678366959095, 0.00834342185407877, 0.008229796774685383, 0.008125253021717072, 0.00806107372045517, 0.007948464713990688, 0.007874704897403717, 0.007782754022628069, 0.0077155581675469875, 0.007650037296116352, 0.007578962482511997, 0.007501149550080299, 0.007432223297655582, 0.007382071577012539, 0.007321188226342201, 0.00726751983165741, 0.007201259955763817, 0.007136942818760872, 0.007096491754055023, 0.007048053666949272, 0.006990761496126652, 0.006942052394151688, 0.006897774990648031, 0.00685924245044589, 0.006811848375946283, 0.0067499070428311825, 0.006721440702676773, 0.006687719840556383, 0.006640155334025621, 0.006584942806512117, 0.006561668589711189, 0.006504509132355452, 0.006470648106187582, 0.00645173666998744, 0.006403702311217785, 0.006375308148562908, 0.006325786467641592, 0.006297301966696978, 0.0062702614814043045, 0.006240353919565678, 0.00619562016800046, 0.006166368722915649, 0.006129520945250988, 0.006104513071477413, 0.0060873571783304214, 0.00605599582195282, 0.006013629026710987, 0.005998146720230579, 0.0059593175537884235, 0.005942154675722122, 0.005928604863584042, 0.005890754982829094, 0.005849108099937439, 0.005846050567924976, 0.005815603770315647], "accuracy": [0.17122717201709747, 0.1726752072572708, 0.17416386306285858, 0.1761309653520584, 0.17842982709407806, 0.18055181205272675, 0.18208998441696167, 0.18320663273334503, 0.1840568631887436, 0.18478842079639435, 0.18536487221717834, 0.18585127592086792, 0.18633700907230377, 0.1867336481809616, 0.1870821863412857, 0.18733827769756317, 0.18769319355487823, 0.18787045776844025, 0.1881210058927536, 0.18833056092262268, 0.18850775063037872, 0.18867887556552887, 0.18886063992977142, 0.18901768326759338, 0.18916767835617065, 0.18930381536483765, 0.18941402435302734, 0.1895434856414795, 0.18967761099338531, 0.1897498369216919, 0.18988566100597382, 0.1899532526731491, 0.19004660844802856, 0.19014602899551392, 0.190198615193367, 0.19027654826641083, 0.19036397337913513, 0.19042909145355225, 0.19049854576587677, 0.19053900241851807, 0.19061481952667236, 0.19067873060703278, 0.19074811041355133, 0.19079089164733887, 0.19083921611309052, 0.19090649485588074, 0.19093099236488342, 0.1909816414117813, 0.1910199224948883, 0.19106937944889069, 0.19112175703048706, 0.1911323070526123, 0.19118842482566833, 0.1912294179201126, 0.1912672519683838, 0.19130583107471466, 0.19134846329689026, 0.1913771629333496, 0.19140136241912842, 0.19144219160079956, 0.1914512664079666, 0.19149598479270935, 0.1915396749973297, 0.1915498673915863, 0.19158656895160675, 0.1916196197271347, 0.1916431337594986, 0.1916620284318924, 0.19169063866138458, 0.19171035289764404, 0.19173432886600494, 0.1917654126882553, 0.19178804755210876, 0.19180512428283691, 0.1918182373046875, 0.19185134768486023, 0.19187787175178528, 0.19190236926078796, 0.19190184772014618, 0.19191832840442657], "val_loss": [0.01897214911878109, 0.01862611621618271, 0.018019072711467743, 0.017587462440133095, 0.016893189400434494, 0.016561167314648628, 0.015419846400618553, 0.014941216446459293, 0.014479372650384903, 0.014090302400290966, 0.013926886022090912, 0.013491736724972725, 0.013316200114786625, 0.01306737121194601, 0.01309674046933651, 0.012479684315621853, 0.012361961416900158, 0.012192181311547756, 0.012003912590444088, 0.011947385035455227, 0.012357005849480629, 0.011636133305728436, 0.011598844081163406, 0.011424461379647255, 0.011352320201694965, 0.011827727779746056, 0.011109324172139168, 0.01112333033233881, 0.011006956920027733, 0.010889245197176933, 0.010776628740131855, 0.010892796330153942, 0.010726873762905598, 0.010587161406874657, 0.010576809756457806, 0.010518999770283699, 0.010311556980013847, 0.010553163476288319, 0.010734237730503082, 0.010199674405157566, 0.010242379270493984, 0.010067264549434185, 0.010453886352479458, 0.010101069696247578, 0.010151044465601444, 0.009983488358557224, 0.009900017641484737, 0.010033356957137585, 0.009777395986020565, 0.009866555221378803, 0.009933272376656532, 0.009758980013430119, 0.009733770042657852, 0.010057307779788971, 0.009737269021570683, 0.009983495809137821, 0.009656240232288837, 0.009851149283349514, 0.009718520566821098, 0.009598295204341412, 0.009724246338009834, 0.00948384404182434, 0.009925344958901405, 0.00969525333493948, 0.009547430090606213, 0.00983673706650734, 0.00943213514983654, 0.009733247570693493, 0.009521153755486012, 0.009321398101747036, 0.009939073584973812, 0.00959484837949276, 0.009478781372308731, 0.009346353821456432, 0.009336738847196102, 0.009345167316496372, 0.009496860206127167, 0.009335760958492756, 0.009514042176306248, 0.00937917735427618], "val_accuracy": [0.19103506207466125, 0.191186785697937, 0.1920323669910431, 0.1929541528224945, 0.1938280463218689, 0.19455158710479736, 0.1964949369430542, 0.1972791701555252, 0.1979500949382782, 0.19854888319969177, 0.19944976270198822, 0.19928118586540222, 0.19956034421920776, 0.20023061335086823, 0.200361430644989, 0.2012225240468979, 0.20120567083358765, 0.20152124762535095, 0.20172083377838135, 0.20183143019676208, 0.20111194252967834, 0.2023816555738449, 0.20255495607852936, 0.20272286236286163, 0.2030782252550125, 0.20222656428813934, 0.20335805416107178, 0.2031679004430771, 0.20349426567554474, 0.20379096269607544, 0.2037208378314972, 0.20366351306438446, 0.2041490226984024, 0.20398516952991486, 0.20375926792621613, 0.204061359167099, 0.2043951451778412, 0.20412272214889526, 0.2039709985256195, 0.20441941916942596, 0.20454281568527222, 0.20474444329738617, 0.20447808504104614, 0.20464801788330078, 0.2048327773809433, 0.20470735430717468, 0.2048138976097107, 0.20467498898506165, 0.20509575307369232, 0.20509305596351624, 0.20471814274787903, 0.2052009403705597, 0.20491503179073334, 0.20486581325531006, 0.2053290605545044, 0.20476533472537994, 0.20520836114883423, 0.20491436123847961, 0.20525354146957397, 0.20499595999717712, 0.20488806068897247, 0.20542684197425842, 0.2047484815120697, 0.2051759958267212, 0.2051200270652771, 0.20491841435432434, 0.20532569289207458, 0.20511935651302338, 0.20500944554805756, 0.20562981069087982, 0.20510317385196686, 0.20531557500362396, 0.20547403395175934, 0.20541605353355408, 0.20527039468288422, 0.20533108711242676, 0.2053101807832718, 0.20554348826408386, 0.2053573876619339, 0.20528657734394073]}