{"loss": [0.004486060701310635, 0.0042861467227339745, 0.0041779219172894955, 0.004116577096283436, 0.004052372183650732, 0.004025242757052183, 0.003968379460275173, 0.003927908837795258, 0.0038938606157898903, 0.0038704134058207273, 0.0038454586174339056, 0.0038126627914607525, 0.003789369948208332, 0.0037644298281520605, 0.0037396063562482595, 0.003727343864738941, 0.0037001236341893673, 0.003675627987831831, 0.003664396470412612, 0.0036486026365309954, 0.0036244026850908995, 0.003610942279919982, 0.0035974429920315742, 0.003581967670470476, 0.0035608294419944286, 0.0035457811318337917, 0.003539331490173936, 0.0035138106904923916, 0.003507173154503107, 0.003493840340524912, 0.0034881369210779667, 0.003465905785560608, 0.0034516029991209507, 0.00344865582883358, 0.003430646611377597, 0.0034239443484693766, 0.0034112106077373028, 0.00339508056640625, 0.003381486749276519, 0.003380225505679846, 0.003368241246789694, 0.0033595419954508543, 0.003358731744810939, 0.0033178257290273905, 0.0033301005605608225, 0.0033127160277217627, 0.003301355754956603, 0.003306497586891055, 0.003277321346104145, 0.003276800736784935, 0.0032698039431124926, 0.0032532322220504284, 0.0032516694627702236, 0.003241155529394746, 0.0032256830018013716, 0.003231877228245139, 0.0032173683866858482, 0.003212255658581853, 0.003192959353327751, 0.0031960620544850826, 0.003180822590366006, 0.0031709917820990086, 0.003170065814629197, 0.003166129579767585, 0.0031482363119721413, 0.0031420867890119553, 0.0031511459965258837, 0.0031254810746759176, 0.003118195105344057, 0.003115340368822217, 0.0031201739329844713, 0.0030996412970125675, 0.0030873483046889305, 0.0030955555848777294, 0.0030818560626357794, 0.003070093458518386, 0.003080818336457014, 0.0030574286356568336, 0.0030548879876732826, 0.0030385961290448904, 0.0030540889129042625, 0.0030299604404717684, 0.003035741625353694, 0.0030226700473576784, 0.0030192339327186346, 0.0030052517540752888, 0.00302158878184855, 0.002991477493196726, 0.002998950658366084, 0.0029908758588135242, 0.002979828277602792, 0.0029798615723848343, 0.002970270114019513, 0.0029598763212561607, 0.0029663576278835535], "accuracy": [0.18268422782421112, 0.18288622796535492, 0.1829909235239029, 0.18305478990077972, 0.1831129491329193, 0.18313513696193695, 0.18318483233451843, 0.18320311605930328, 0.18324202299118042, 0.1832556575536728, 0.1832764893770218, 0.18329066038131714, 0.18331794440746307, 0.18332865834236145, 0.183341845870018, 0.18334800004959106, 0.18336763978004456, 0.18337437510490417, 0.18338441848754883, 0.18339626491069794, 0.18340016901493073, 0.18341177701950073, 0.18342025578022003, 0.18342691659927368, 0.1834358423948288, 0.1834476888179779, 0.18344813585281372, 0.18345817923545837, 0.1834588497877121, 0.18346402049064636, 0.1834721863269806, 0.183480367064476, 0.1834808886051178, 0.18349362909793854, 0.18349362909793854, 0.18349625170230865, 0.18349842727184296, 0.18350449204444885, 0.1835143119096756, 0.18350951373577118, 0.18352413177490234, 0.18351955711841583, 0.18352271616458893, 0.18352766335010529, 0.18353043496608734, 0.183540478348732, 0.18353815376758575, 0.18354196846485138, 0.1835469901561737, 0.18355022370815277, 0.18355321884155273, 0.18355344235897064, 0.18355651199817657, 0.18356363475322723, 0.18356385827064514, 0.18357105553150177, 0.18357180058956146, 0.1835685819387436, 0.1835782527923584, 0.18357765674591064, 0.1835789978504181, 0.1835831254720688, 0.18358515202999115, 0.18358641862869263, 0.1835920363664627, 0.18359054625034332, 0.18358993530273438, 0.18359503149986267, 0.183600515127182, 0.18359443545341492, 0.1835985630750656, 0.18360291421413422, 0.18360500037670135, 0.18360868096351624, 0.18360868096351624, 0.18360447883605957, 0.18360672891139984, 0.1836107075214386, 0.18361175060272217, 0.18361744284629822, 0.18361437320709229, 0.1836167722940445, 0.18361976742744446, 0.18362201750278473, 0.18362006545066833, 0.18362748622894287, 0.18362246453762054, 0.1836252361536026, 0.1836259961128235, 0.1836269646883011, 0.1836281716823578, 0.18363243341445923, 0.18363304436206818, 0.1836337149143219, 0.18363220989704132], "val_loss": [0.005303157959133387, 0.005064991302788258, 0.005022556986659765, 0.0050285374745726585, 0.004895079880952835, 0.004904496483504772, 0.005004545673727989, 0.005132896825671196, 0.004936883691698313, 0.005312049761414528, 0.004969745874404907, 0.004978893790394068, 0.005007115658372641, 0.0048597161658108234, 0.005173536017537117, 0.005056621972471476, 0.004913476761430502, 0.004935937467962503, 0.005273403134196997, 0.004688670393079519, 0.004681443329900503, 0.004781202878803015, 0.004891224671155214, 0.004667199682444334, 0.004663246683776379, 0.004690428264439106, 0.004624811001121998, 0.004685626830905676, 0.00480543402954936, 0.004718550480902195, 0.0045921094715595245, 0.0046219611540436745, 0.004674666561186314, 0.004614008590579033, 0.004640528000891209, 0.004824894946068525, 0.00453583337366581, 0.004652986768633127, 0.004884694237262011, 0.0045949541963636875, 0.004510797560214996, 0.004628751426935196, 0.004681344609707594, 0.004562696907669306, 0.004527929704636335, 0.004574803169816732, 0.004499054979532957, 0.004394838120788336, 0.004501978866755962, 0.004570027347654104, 0.004724788013845682, 0.004762208554893732, 0.004378452431410551, 0.004645622801035643, 0.00436349818482995, 0.004556012339890003, 0.0043670404702425, 0.004318141844123602, 0.004408759064972401, 0.004619251005351543, 0.004933791700750589, 0.004300085362046957, 0.004361076280474663, 0.004696398973464966, 0.004439069889485836, 0.004506796132773161, 0.004311931319534779, 0.004301305394619703, 0.004469539038836956, 0.004392887465655804, 0.0042494661174714565, 0.0042564705945551395, 0.004240569192916155, 0.004298038315027952, 0.004255204927176237, 0.004284041468054056, 0.0042311749421060085, 0.004331966396421194, 0.004311974626034498, 0.004399590194225311, 0.004355946090072393, 0.004392326809465885, 0.004296697210520506, 0.004240925889462233, 0.004151207860559225, 0.004165865946561098, 0.004417895805090666, 0.004181195516139269, 0.00428293040022254, 0.004284788388758898, 0.004239204805344343, 0.004196085501462221, 0.004217092879116535, 0.005127721466124058, 0.004249939229339361],