{"loss": [0.017682848498225212, 0.014079241082072258, 0.011792556382715702, 0.010472048074007034, 0.00967332161962986, 0.009139912202954292, 0.00875246524810791, 0.00843624398112297, 0.008212384767830372, 0.008001812733709812, 0.007817501202225685, 0.007653361652046442, 0.007516971789300442, 0.007400361355394125, 0.007282749284058809, 0.007176326122134924, 0.007072314620018005, 0.006992612034082413, 0.006916092708706856, 0.006849162746220827, 0.006743413861840963, 0.006694255396723747, 0.006633561570197344, 0.00657388661056757, 0.00649836054071784, 0.006442552898079157, 0.006402250379323959, 0.006337449420243502, 0.0062828208319842815, 0.006241571623831987, 0.006189832463860512, 0.0061546508222818375, 0.006108905654400587, 0.006053091026842594, 0.0060155256651341915, 0.005982403177767992, 0.0059531196020543575, 0.005895828362554312, 0.005863526836037636, 0.0058214133605360985, 0.00581085542216897, 0.0057529304176568985, 0.00573212094604969, 0.005679883994162083, 0.005677857436239719, 0.005609283223748207, 0.005603020545095205, 0.005565393250435591, 0.005532552488148212, 0.005509363487362862, 0.005484228488057852, 0.005441916640847921, 0.0054315184243023396, 0.005381383467465639, 0.005369075108319521, 0.005340639501810074, 0.005314578767865896, 0.005294507369399071, 0.005258399061858654, 0.0052287089638412, 0.005209685303270817, 0.005185120273381472, 0.005170286167412996, 0.005128019489347935, 0.005122981034219265, 0.005081349518150091, 0.0050653195939958096, 0.00504699582234025, 0.0050149597227573395, 0.004992038942873478, 0.004995446652173996, 0.004948051646351814, 0.004935805220156908, 0.004906960763037205, 0.004907058551907539, 0.004864878486841917, 0.004852962680160999, 0.004838965833187103, 0.00481572886928916, 0.004802808631211519, 0.004778339061886072, 0.004755724687129259, 0.004750192165374756, 0.004727986641228199, 0.00470139691606164, 0.004700527526438236, 0.004676165524870157, 0.004640607628971338, 0.004651459865272045, 0.004623225424438715, 0.00460949819535017, 0.004585348069667816, 0.004582415800541639, 0.0045447684824466705, 0.0045749349519610405, 0.0045217061415314674, 0.004523738287389278, 0.004485168494284153, 0.0044950623996555805, 0.004466185811907053], "accuracy": [0.17467884719371796, 0.18003730475902557, 0.18387804925441742, 0.18630938231945038, 0.1877165287733078, 0.18860633671283722, 0.18920773267745972, 0.18968641757965088, 0.18999101221561432, 0.19028885662555695, 0.19050446152687073, 0.1907176524400711, 0.19085055589675903, 0.1910000741481781, 0.19112607836723328, 0.1912185251712799, 0.19130676984786987, 0.1914082020521164, 0.19144655764102936, 0.1915123164653778, 0.19159577786922455, 0.1916545033454895, 0.19170409440994263, 0.19173242151737213, 0.19180403649806976, 0.19184088706970215, 0.1918894350528717, 0.1919286847114563, 0.19197708368301392, 0.19199609756469727, 0.192023366689682, 0.19206352531909943, 0.1920861452817917, 0.1921435296535492, 0.19214922189712524, 0.19218413531780243, 0.19221065938472748, 0.19225364923477173, 0.19226863980293274, 0.19230759143829346, 0.19232377409934998, 0.19235718250274658, 0.1923663169145584, 0.1924094706773758, 0.19241966307163239, 0.19245067238807678, 0.19247464835643768, 0.1925017535686493, 0.19252663850784302, 0.19254626333713531, 0.1925744265317917, 0.19259929656982422, 0.19257846474647522, 0.19263629615306854, 0.19264064729213715, 0.19266732037067413, 0.19269204139709473, 0.1927226036787033, 0.1927080750465393, 0.1927614063024521, 0.19275106489658356, 0.19277818500995636, 0.19280020892620087, 0.19282042980194092, 0.19282597303390503, 0.19285400211811066, 0.1928698718547821, 0.19288934767246246, 0.19289743900299072, 0.1929323524236679, 0.19293415546417236, 0.19295497238636017, 0.19297461211681366, 0.19299528002738953, 0.1929837465286255, 0.19299933314323425, 0.19302494823932648, 0.19302599132061005, 0.19305115938186646, 0.1930564045906067, 0.19306929409503937, 0.19308218359947205, 0.19308966398239136, 0.19311484694480896, 0.19312158226966858, 0.1931283175945282, 0.1931346207857132, 0.19316352903842926, 0.1931723654270172, 0.19318869709968567, 0.1931958943605423, 0.19321312010288239, 0.19321927428245544, 0.1932332068681717, 0.1932249665260315, 0.19324399530887604, 0.19325672090053558, 0.19325731694698334, 0.19327515363693237, 0.19328458607196808], "val_loss": [0.015510392375290394, 0.013222388923168182, 0.011388988234102726, 0.010142344981431961, 0.009457006119191647, 0.009020554833114147, 0.008780722506344318, 0.008631874807178974, 0.008244228549301624, 0.008066157810389996, 0.00793076679110527, 0.007886108011007309, 0.007776971906423569, 0.007537715137004852, 0.007501055486500263, 0.0075875986367464066, 0.00733380438759923, 0.007331476546823978, 0.007345292717218399, 0.007261836435645819, 0.0071201808750629425, 0.006895276717841625, 0.0069484892301261425, 0.0069348677061498165, 0.006880595814436674, 0.007083446718752384, 0.006731231696903706, 0.006974546704441309, 0.006768221501260996, 0.007182366214692593, 0.006652052514255047, 0.00653659226372838, 0.006414511241018772, 0.006581136025488377, 0.006362721789628267, 0.006316859740763903, 0.006276965606957674, 0.006300522480159998, 0.006473296321928501, 0.006267329212278128, 0.006132135633379221, 0.0061928024515509605, 0.006089859642088413, 0.0062949163839221, 0.006226909812539816, 0.006198911927640438, 0.006702638231217861, 0.005896277725696564, 0.005998486187309027, 0.006076635792851448, 0.006047549657523632, 0.005873057525604963, 0.005788804963231087, 0.005788018461316824, 0.005838123615831137, 0.005786428693681955, 0.0057206242345273495, 0.005830798298120499, 0.005793004762381315, 0.005696497857570648, 0.005788331385701895, 0.005654874723404646, 0.00559885473921895, 0.0061224354431033134, 0.005574780981987715, 0.0055040097795426846, 0.005485250148922205, 0.005845957435667515, 0.005451493430882692, 0.005703025963157415, 0.0053878407925367355, 0.005464727990329266, 0.00540115125477314, 0.005835655145347118, 0.005330619867891073, 0.005328141152858734, 0.0052873967215418816, 0.005261776968836784, 0.00554550951346755, 0.005400523543357849, 0.005541863851249218, 0.005340495612472296, 0.005155965220183134, 0.005175624042749405, 0.005326688755303621, 0.005346484482288361, 0.005140638444572687, 0.005318140611052513, 0.005111332982778549, 0.005294837523251772, 0.00511949323117733, 0.005078542977571487, 0.005452482961118221, 0.005317468661814928, 0.005012968555092812, 0.005037651397287846, 0.004967455752193928, 0.0049225445836782455, 0.005194643512368202, 0.004988372325897217],