{"loss": [0.018861405551433563, 0.014676022343337536, 0.012936326675117016, 0.011812182143330574, 0.01098122913390398, 0.01037922129034996, 0.009896588511765003, 0.009514949284493923, 0.009178600274026394, 0.008941967971622944, 0.008703140541911125, 0.008502407930791378, 0.008319629356265068, 0.008160069584846497, 0.008040208369493484, 0.007882430218160152, 0.007774821948260069, 0.0076513937674462795, 0.007593224756419659, 0.0074535212479531765, 0.007385015022009611, 0.007300611585378647, 0.007218459155410528, 0.00711419340223074, 0.0071028475649654865, 0.006982408929616213, 0.00692449975758791, 0.006855763029307127, 0.00681340554729104, 0.006768642924726009, 0.006666633300483227, 0.006652641575783491, 0.006566554773598909, 0.006543993949890137, 0.006503733806312084, 0.006415814161300659, 0.006394139491021633, 0.00637494120746851, 0.0062946053221821785, 0.006266883108764887, 0.0062407031655311584, 0.00619865907356143, 0.006140705663710833, 0.006126597989350557, 0.006098512094467878, 0.006056239828467369, 0.0060172658413648605, 0.00599545007571578, 0.005947783123701811, 0.005929501261562109, 0.005914767738431692, 0.005842110607773066, 0.005842992570251226, 0.005806978326290846, 0.005787992849946022, 0.005759251769632101, 0.005739728454500437, 0.005678764544427395, 0.005687122233211994, 0.005643843207508326, 0.005623192526400089, 0.005598910618573427, 0.005594020243734121, 0.00555914081633091, 0.005528627894818783, 0.0054934388026595116, 0.005489102099090815, 0.005474424455314875, 0.005436583422124386, 0.0054199350997805595, 0.005399067420512438, 0.005394163075834513, 0.005354299210011959, 0.005344286095350981, 0.005356451962143183, 0.005290298722684383, 0.005275280214846134, 0.005265981424599886, 0.005247695371508598, 0.005249221343547106, 0.005211393348872662, 0.005177584942430258, 0.005175929516553879, 0.005162651650607586, 0.005135062616318464, 0.00514443451538682, 0.005110698752105236, 0.005093252286314964, 0.005091873928904533, 0.005047728307545185, 0.005047669168561697, 0.0050483630038797855, 0.005019133910536766, 0.005006029270589352, 0.004982078447937965, 0.004962541162967682, 0.004950508940964937, 0.004940505605190992, 0.0049277497455477715, 0.004931273870170116], "accuracy": [0.17622387409210205, 0.18173597753047943, 0.1843978464603424, 0.18606369197368622, 0.18730410933494568, 0.18816903233528137, 0.18885907530784607, 0.18930022418498993, 0.18977057933807373, 0.19009050726890564, 0.19036966562271118, 0.19059188663959503, 0.19081351161003113, 0.19101551175117493, 0.19115187227725983, 0.19132748246192932, 0.19142863154411316, 0.1915643960237503, 0.19163167476654053, 0.19175845384597778, 0.19177718460559845, 0.19189301133155823, 0.19195204973220825, 0.19203610718250275, 0.19205918908119202, 0.19213591516017914, 0.19218280911445618, 0.1922575831413269, 0.19225533306598663, 0.19230853021144867, 0.1923644244670868, 0.1923675686120987, 0.1924249678850174, 0.19244998693466187, 0.19247440993785858, 0.19255487620830536, 0.1925617754459381, 0.19257929921150208, 0.19261346757411957, 0.19264449179172516, 0.1926674097776413, 0.1927071213722229, 0.19276167452335358, 0.19274833798408508, 0.1927720159292221, 0.1928144097328186, 0.19281217455863953, 0.19285397231578827, 0.19287869334220886, 0.19287599623203278, 0.19291256368160248, 0.19294913113117218, 0.1929483711719513, 0.1929834485054016, 0.19297489523887634, 0.19300247728824615, 0.19300861656665802, 0.19306915998458862, 0.19305266439914703, 0.1930733472108841, 0.19308893382549286, 0.1931205540895462, 0.19312520325183868, 0.19313988089561462, 0.19314302504062653, 0.19317209720611572, 0.19317568838596344, 0.19318318367004395, 0.19322364032268524, 0.19322140514850616, 0.19322843849658966, 0.1932297945022583, 0.19325901567935944, 0.19328178465366364, 0.19326260685920715, 0.1933000683784485, 0.19330471754074097, 0.19331370294094086, 0.1933256983757019, 0.19332224130630493, 0.1933496594429016, 0.19336195290088654, 0.1933680921792984, 0.19338412582874298, 0.1933818906545639, 0.19337469339370728, 0.19340211153030396, 0.19340631365776062, 0.19341754913330078, 0.1934313327074051, 0.19342803955078125, 0.19343553483486176, 0.1934458613395691, 0.19347508251667023, 0.1934666931629181, 0.19347238540649414, 0.193484827876091, 0.19348257780075073, 0.19349606335163116, 0.1935099959373474], "val_loss": [0.015590491704642773, 0.013447740115225315, 0.01268715038895607, 0.011268957518041134, 0.010606072843074799, 0.010077455081045628, 0.009387661702930927, 0.00919288583099842, 0.009151066653430462, 0.00841489713639021, 0.008305036462843418, 0.008681097067892551, 0.007904093712568283, 0.007918177172541618, 0.007909220643341541, 0.007587695028632879, 0.00736425444483757, 0.0073766568675637245, 0.007177762687206268, 0.007480144035071135, 0.007070595398545265, 0.007284826133400202, 0.007207348942756653, 0.006752436049282551, 0.0070686801336705685, 0.006836222484707832, 0.006613085046410561, 0.006962466984987259, 0.006518855225294828, 0.0063154203817248344, 0.006781208794564009, 0.006141758989542723, 0.006301211658865213, 0.006152794696390629, 0.006351482588797808, 0.006657969672232866, 0.006046987138688564, 0.005891711916774511, 0.006091575138270855, 0.005877375137060881, 0.005930114071816206, 0.00578055577352643, 0.006196097936481237, 0.005845756269991398, 0.005617076065391302, 0.005839590448886156, 0.005645353347063065, 0.005493601318448782, 0.005982944741845131, 0.006523075047880411, 0.0054138279519975185, 0.005678750574588776, 0.005868236068636179, 0.005364542361348867, 0.005480231251567602, 0.005362155381590128, 0.005280129611492157, 0.005536060780286789, 0.0062124948017299175, 0.0058998484164476395, 0.005369631573557854, 0.005370041821151972, 0.005180739797651768, 0.00520567549392581, 0.005241393111646175, 0.005199984181672335, 0.005210238508880138, 0.005079181864857674, 0.005681738257408142, 0.0053804111666977406, 0.005052464548498392, 0.005096142180263996, 0.005012098234146833, 0.004996320232748985, 0.00499940849840641, 0.005487798247486353, 0.004923275206238031, 0.005235029850155115, 0.005793444346636534, 0.0050178412348032, 0.004900876898318529, 0.0049474723637104034, 0.005120915826410055, 0.005025993101298809, 0.004768815822899342, 0.005041305907070637, 0.004921098705381155, 0.005216806661337614, 0.0052636777982115746, 0.004745972342789173, 0.00491220410913229, 0.004744123667478561, 0.0049900212325155735, 0.004727484658360481, 0.004865360911935568, 0.005011111032217741, 0.004735562950372696, 0.004916401579976082, 0.0046615502797067165, 0.004618844483047724],