{"loss": [0.006823500618338585, 0.006184182595461607, 0.005947850178927183, 0.005750423762947321, 0.0056346720084548, 0.005521318409591913, 0.005454147234559059, 0.0053720371797680855, 0.0053096916526556015, 0.0052531324326992035, 0.005185062065720558, 0.005149282980710268, 0.005104763898998499, 0.005051247775554657, 0.005008906591683626, 0.00499397749081254, 0.004935850389301777, 0.004906893707811832, 0.004871614743024111, 0.004844581242650747, 0.004803617484867573, 0.0047747185453772545, 0.004763517063111067, 0.0047306763008236885, 0.004686593543738127, 0.004678879398852587, 0.004652773961424828, 0.004619975108653307, 0.004594981670379639, 0.00458492711186409, 0.004542561247944832, 0.004541158676147461, 0.0044960081577301025, 0.004491325002163649, 0.004465862642973661, 0.0044534592889249325, 0.004429651889950037, 0.0044149961322546005, 0.004391490947455168, 0.00435905484482646, 0.00435964809730649, 0.004335165489464998, 0.004316592589020729, 0.004306419286876917, 0.0042812940664589405, 0.0042712511494755745, 0.004248480778187513, 0.004242571536451578, 0.004211298190057278, 0.004211032297462225, 0.004191885236650705, 0.0041776178404688835, 0.004151863045990467, 0.004140704870223999, 0.004135346971452236, 0.0041085840202867985, 0.004092728719115257, 0.004085003864020109, 0.00407507736235857, 0.004061753861606121, 0.004046393558382988], "accuracy": [0.18064162135124207, 0.18157558143138885, 0.1819426566362381, 0.18219321966171265, 0.18236058950424194, 0.182490736246109, 0.18259799480438232, 0.18269696831703186, 0.18276479840278625, 0.18285170197486877, 0.18290379643440247, 0.18296608328819275, 0.18301627039909363, 0.1830572634935379, 0.1831103265285492, 0.18313293159008026, 0.18318508565425873, 0.1832106113433838, 0.18324415385723114, 0.18328016996383667, 0.18331408500671387, 0.18334713578224182, 0.18336722254753113, 0.183390274643898, 0.18342676758766174, 0.18343794345855713, 0.1834588199853897, 0.18348579108715057, 0.18351086974143982, 0.1835232675075531, 0.1835481971502304, 0.18356645107269287, 0.18359334766864777, 0.18360182642936707, 0.18361936509609222, 0.18362906575202942, 0.1836516261100769, 0.18366020917892456, 0.18368618190288544, 0.18369629979133606, 0.18370495736598969, 0.18371529877185822, 0.18373973667621613, 0.18374194204807281, 0.18375535309314728, 0.18377076089382172, 0.18377937376499176, 0.1837918907403946, 0.1838027983903885, 0.18380561470985413, 0.18382678925991058, 0.1838308721780777, 0.18385256826877594, 0.18385489284992218, 0.1838647574186325, 0.18387579917907715, 0.18388798832893372, 0.1838970184326172, 0.18390107154846191, 0.1839122325181961, 0.18392467498779297], "val_loss": [0.006353089585900307, 0.006192412693053484, 0.006351845804601908, 0.0062477197498083115, 0.005908029619604349, 0.006019727326929569, 0.006187129765748978, 0.005885930731892586, 0.005817267578095198, 0.0058431318029761314, 0.00582465622574091, 0.005838090553879738, 0.005747323855757713, 0.005682369694113731, 0.0056366645731031895, 0.005609322804957628, 0.00589974969625473, 0.005499326158314943, 0.005531976465135813, 0.005492080003023148, 0.005688341800123453, 0.00556140998378396, 0.0053923106752336025, 0.005574744660407305, 0.005591672379523516, 0.005359267350286245, 0.005490757524967194, 0.0055298274382948875, 0.005521268118172884, 0.005450054537504911, 0.005488714203238487, 0.005374724045395851, 0.005329274106770754, 0.0052953013218939304, 0.005475129000842571, 0.005328878294676542, 0.005433728918433189, 0.005409694742411375, 0.0053071267902851105, 0.005386525299400091, 0.005650613456964493, 0.005448987241834402, 0.005197505000978708, 0.005244717001914978, 0.005245028529316187, 0.005469836760312319, 0.005340991076081991, 0.005185810849070549, 0.0052025518380105495, 0.005392467137426138, 0.0050929454155266285, 0.005222512409090996, 0.005132305435836315, 0.005216542165726423, 0.0053384979255497456, 0.005111079663038254, 0.005397507920861244, 0.0051948074251413345, 0.005149605218321085, 0.005245280917733908, 0.005257193464785814], "val_accuracy": [0.1469794362783432, 0.1474817991256714, 0.14717161655426025, 0.14758530259132385, 0.1478455811738968, 0.14788806438446045, 0.14749932289123535, 0.14809946715831757, 0.14811429381370544, 0.14813923835754395, 0.1480003297328949, 0.14829333126544952, 0.14830006659030914, 0.14828118681907654, 0.14821207523345947, 0.14838536083698273, 0.14850471913814545, 0.14841537177562714, 0.14847369492053986, 0.14837457239627838, 0.1482066810131073, 0.1485205590724945, 0.14859507977962494, 0.14821341633796692, 0.14836986362934113, 0.14845246076583862, 0.14850135147571564, 0.14852866530418396, 0.14832231402397156, 0.14840762317180634, 0.14867059886455536, 0.1483115255832672, 0.14850303530693054, 0.14858901500701904, 0.14870533347129822, 0.14849089086055756, 0.14826735854148865, 0.14836615324020386, 0.14860890805721283, 0.14875084161758423, 0.1485111266374588, 0.14867161214351654, 0.14876534044742584, 0.14840054512023926, 0.1484784185886383, 0.14851011335849762, 0.14838166534900665, 0.14871746301651, 0.14863654971122742, 0.14887087047100067, 0.14873701333999634, 0.14844100177288055, 0.14866285026073456, 0.14849865436553955, 0.14864666759967804, 0.14858058094978333, 0.14867869019508362, 0.14847774803638458, 0.14878927171230316, 0.1485316902399063, 0.1486004739999771]}