{"loss": [0.002954065101221204, 0.0027246528770774603, 0.002677599200978875, 0.0026209752541035414, 0.0025758896954357624, 0.0025418177247047424, 0.0025317335966974497, 0.002504430478438735, 0.002482638694345951, 0.0024434428196400404, 0.00241385237313807, 0.0024361559189856052, 0.002375175477936864, 0.0023727859370410442, 0.0023567043244838715, 0.0023294934071600437, 0.002317607868462801, 0.0022963806986808777, 0.0023058364167809486, 0.0022689250763505697, 0.002272333949804306, 0.002244994742795825, 0.0022277897223830223, 0.0022385974880307913, 0.0021834755316376686, 0.002212845953181386, 0.002168885665014386, 0.0021801877301186323, 0.002181627321988344, 0.002128628548234701, 0.00214354763738811, 0.0021206417586654425, 0.0021133136469870806, 0.002090745372697711, 0.00209028203971684, 0.002094235038384795, 0.0020702548790723085, 0.002066928194835782, 0.0020753622520715, 0.0020370827987790108, 0.002027638955041766, 0.0020061524119228125, 0.002022637752816081, 0.001998685533180833, 0.0020091338083148003, 0.0019862563349306583, 0.0019789726939052343, 0.001982645597308874, 0.001970239682123065, 0.001971942838281393, 0.001936725340783596, 0.0019494775915518403, 0.001922532101161778, 0.0019336285768076777, 0.0019093042938038707, 0.0019136812770739198, 0.0019049913389608264, 0.0018884701421484351, 0.0018906552577391267, 0.0018800983671098948, 0.0018721191445365548, 0.0018781751859933138, 0.0018715023761615157, 0.0018443751614540815, 0.0018483703024685383, 0.0018400122644379735, 0.0018456405960023403, 0.001824106671847403, 0.0018216829048469663, 0.00180169811937958, 0.001817659242078662, 0.0018079865258187056, 0.0017846835544332862, 0.0017997217364609241, 0.0017794461455196142, 0.001779457787051797, 0.001777052995748818, 0.0017678026342764497, 0.0017562136054039001, 0.0017701578326523304, 0.0017367089167237282, 0.001765533466823399, 0.001730769407004118, 0.0017298153834417462, 0.0017435246845707297, 0.0017149625346064568, 0.0017181535949930549, 0.0017177064437419176, 0.0017147648613899946, 0.0017337811877951026, 0.001683067879639566, 0.0016918072942644358, 0.0016880367184057832, 0.001688616699539125, 0.001690710661932826, 0.0016712285578250885, 0.0016885485965758562, 0.001652987441048026, 0.0016587808495387435, 0.0016633926425129175], "accuracy": [0.18430936336517334, 0.18436314165592194, 0.18437932431697845, 0.18439476191997528, 0.18442082405090332, 0.18443886935710907, 0.1844474971294403, 0.18445581197738647, 0.18446142971515656, 0.18448427319526672, 0.18449199199676514, 0.18449625372886658, 0.18451063334941864, 0.18452216684818268, 0.1845289170742035, 0.1845308542251587, 0.18453805148601532, 0.18455040454864502, 0.1845468133687973, 0.18456096947193146, 0.1845603734254837, 0.18457242846488953, 0.18457730114459991, 0.184579998254776, 0.18459422886371613, 0.18458786606788635, 0.18460239470005035, 0.18459872901439667, 0.1846035271883011, 0.18460974097251892, 0.1846139281988144, 0.18462030589580536, 0.18463146686553955, 0.18463438749313354, 0.1846335530281067, 0.1846359521150589, 0.18463513255119324, 0.18464501202106476, 0.18464374542236328, 0.18465512990951538, 0.18465901911258698, 0.1846611201763153, 0.18465737998485565, 0.18466824293136597, 0.18466517329216003, 0.18467049300670624, 0.1846766322851181, 0.18467497825622559, 0.18467752635478973, 0.18468044698238373, 0.18469049036502838, 0.18468613922595978, 0.1846923530101776, 0.18469536304473877, 0.18469467759132385, 0.18470051884651184, 0.18470434844493866, 0.1847015768289566, 0.18470944464206696, 0.184709370136261, 0.18471340835094452, 0.184715136885643, 0.1847110092639923, 0.1847182810306549, 0.18471714854240417, 0.18472112715244293, 0.18471714854240417, 0.18472427129745483, 0.18472681939601898, 0.18472988903522491, 0.18473070859909058, 0.1847306340932846, 0.18473783135414124, 0.18473348021507263, 0.1847393959760666, 0.18473348021507263, 0.1847439706325531, 0.1847432255744934, 0.18474164605140686, 0.1847451627254486, 0.18474778532981873, 0.1847427785396576, 0.18475139141082764, 0.1847526580095291, 0.18474486470222473, 0.18475647270679474, 0.18475370109081268, 0.18475310504436493, 0.18475595116615295, 0.18475183844566345, 0.18476247787475586, 0.1847624033689499, 0.18476389348506927, 0.18476112186908722, 0.18476270139217377, 0.18476688861846924, 0.18476299941539764, 0.18477371335029602, 0.18476876616477966, 0.1847684681415558], "val_loss": [0.0024882489815354347, 0.002802914008498192, 0.002405152190476656, 0.002311242511495948, 0.002393635455518961, 0.0024093459360301495, 0.0022810627706348896, 0.0023101549595594406, 0.002218610607087612, 0.002250723075121641, 0.0023065723944455385, 0.0027266473043709993, 0.0021888709161430597, 0.002150509972125292, 0.0029203821904957294, 0.0028977706097066402, 0.0022638877853751183, 0.002438894473016262, 0.0026614777743816376, 0.0021756188943982124, 0.0021614674478769302, 0.002059162361547351, 0.0021151851397007704, 0.002144347410649061, 0.002456800313666463, 0.00246294098906219, 0.0020047409925609827, 0.0020488461013883352, 0.002045109635218978, 0.0021093632094562054, 0.0020643644966185093, 0.0020795990712940693, 0.0020483164116740227, 0.0020699063315987587, 0.001957801403477788, 0.002018543193116784, 0.0020786637905985117, 0.0020687729120254517, 0.0019688913598656654, 0.0018799173412844539, 0.002524805022403598, 0.0020907139405608177, 0.0019216279033571482, 0.0019655723590403795, 0.002194240689277649, 0.002277364255860448, 0.0018731321906670928, 0.0018237808253616095, 0.001897308393381536, 0.002037223195657134, 0.0022329390048980713, 0.001812653266824782, 0.0020053160842508078, 0.001797694363631308, 0.0019107259577140212, 0.0019407252548262477, 0.0017958147218450904, 0.0018127079820260406, 0.0018886250909417868, 0.0020074695348739624, 0.0017507766606286168, 0.0019312830409035087, 0.0017244659829884768, 0.0018340111710131168, 0.0017606500769034028, 0.0018030478386208415, 0.0017221801681444049, 0.0018009422346949577, 0.0018056570552289486, 0.0018361214315518737, 0.0019595008343458176, 0.0016867074882611632, 0.001778074074536562, 0.0017185573233291507, 0.0019429397070780396, 0.001709751202724874, 0.001966408919543028, 0.0016770896036177874, 0.002318310784175992, 0.0017261318862438202, 0.0017014918848872185, 0.0019175584893673658, 0.001728651812300086, 0.0016301586292684078, 0.0017625449690967798, 0.0016538614872843027, 0.0018685285467654467, 0.0016354393446817994, 0.0016655591316521168, 0.0016259443946182728, 0.0016017090529203415, 0.0016516298055648804, 0.0016356980195268989, 0.0015981359174475074, 0.0016109863063320518, 0.0016330346697941422, 0.0016401136526837945, 0.0018343089614063501, 0.0015989477979019284, 0.001591274980455637],