{"loss": [0.004376088734716177, 0.004332482814788818, 0.0042744898237288, 0.004262099042534828, 0.004235202446579933, 0.00421411357820034, 0.004184493329375982, 0.004180905409157276, 0.004167868755757809, 0.0041480399668216705, 0.004130973014980555, 0.004115075804293156, 0.00411932822316885, 0.004107251297682524, 0.004077379126101732, 0.004079571459442377], "accuracy": [0.17169880867004395, 0.17172743380069733, 0.17176219820976257, 0.1717720776796341, 0.17177778482437134, 0.17179201543331146, 0.17180730402469635, 0.17179740965366364, 0.1718129962682724, 0.1718224287033081, 0.17183232307434082, 0.17184145748615265, 0.1718389093875885, 0.1718401163816452, 0.17185629904270172, 0.1718507558107376], "val_loss": [0.004238847177475691, 0.0041903178207576275, 0.004251771606504917, 0.004523244220763445, 0.004270658828318119, 0.0040959762409329414, 0.004143896047025919, 0.00463151466101408, 0.0046225544065237045, 0.0041551487520337105, 0.004135001450777054, 0.004123421851545572, 0.004291444551199675, 0.004152130335569382, 0.0041197435930371284, 0.0044010104611516], "val_accuracy": [0.2028658092021942, 0.20294132828712463, 0.20295347273349762, 0.2028159201145172, 0.20285771787166595, 0.20299123227596283, 0.2029089629650116, 0.20295347273349762, 0.2027997374534607, 0.20284289121627808, 0.2030276507139206, 0.20292919874191284, 0.20294132828712463, 0.20293593406677246, 0.20296965539455414, 0.20296292006969452]}