{"loss": [0.006036208476871252, 0.005571791902184486, 0.005371405743062496, 0.005238561425358057, 0.005143084097653627, 0.005050684325397015, 0.0049653626047074795, 0.004916731733828783, 0.0048618074506521225, 0.004803882911801338, 0.004758718889206648, 0.004724013619124889, 0.0046730563044548035, 0.0046389224007725716, 0.00462606456130743], "accuracy": [0.18142308294773102, 0.1818522810935974, 0.18204200267791748, 0.18217013776302338, 0.18224911391735077, 0.18232081830501556, 0.18239274621009827, 0.18243663012981415, 0.18247592449188232, 0.18252313137054443, 0.18255183100700378, 0.18257391452789307, 0.18261730670928955, 0.1826416403055191, 0.18265828490257263], "val_loss": [0.007190722972154617, 0.007222645450383425, 0.007791438139975071, 0.007467288989573717, 0.007145998068153858, 0.007271408103406429, 0.007509663235396147, 0.007185328286141157, 0.0072466409765183926, 0.007481967099010944, 0.007639928720891476, 0.007223267573863268, 0.007367000915110111, 0.007196189370006323, 0.0072495341300964355], "val_accuracy": [0.1622830629348755, 0.1622348129749298, 0.1621113419532776, 0.16190148890018463, 0.16223953664302826, 0.16207355260849, 0.16206544637680054, 0.16228170692920685, 0.16207219660282135, 0.1619902104139328, 0.16231848299503326, 0.1621791571378708, 0.1619524359703064, 0.1622648388147354, 0.16206376254558563]}