{"loss": [0.020413439720869064, 0.01975865848362446, 0.019462337717413902, 0.01922823116183281, 0.018972111865878105, 0.018377428874373436, 0.01703958958387375, 0.015669913962483406, 0.014632991515100002, 0.013854801654815674, 0.013284668326377869, 0.01281054224818945, 0.012409317307174206, 0.01204700581729412, 0.011641657911241055, 0.011265810579061508, 0.010883999057114124, 0.010504697449505329, 0.01016878429800272, 0.009848805144429207, 0.009550541639328003, 0.009280924685299397, 0.009029445238411427, 0.008816803805530071, 0.008603984490036964, 0.008415802381932735, 0.008263688534498215, 0.008099458180367947, 0.007978511042892933, 0.007818284444510937, 0.0077297138050198555, 0.007607280742377043, 0.007492073345929384, 0.007401866372674704, 0.007309284061193466, 0.007206883747130632, 0.0071244859136641026, 0.007042780984193087, 0.006972306873649359, 0.006890665274113417, 0.0068164607509970665, 0.006751915439963341, 0.006684011779725552, 0.006603674963116646, 0.006560923997312784, 0.006481853313744068, 0.006424835883080959, 0.0063578118570148945, 0.006312782876193523, 0.006252851337194443, 0.0061971284449100494, 0.006149980705231428, 0.006094863638281822, 0.006052092183381319, 0.006000659894198179, 0.005947808735072613, 0.005909852217882872, 0.005853566806763411, 0.005829414818435907, 0.005773966200649738, 0.005745144560933113, 0.0056885783560574055, 0.0056625776924192905, 0.0056328182108700275, 0.0055821556597948074, 0.005555183161050081, 0.005520555656403303, 0.005479966755956411, 0.005436005536466837, 0.005430929828435183, 0.005374037194997072, 0.005351413507014513, 0.005325912032276392, 0.005301895551383495, 0.005262364167720079, 0.005235365126281977, 0.005212029442191124, 0.005175676662474871, 0.005172702483832836, 0.005113587714731693, 0.0051137530244886875, 0.0050912173464894295, 0.005052371881902218, 0.005036499816924334, 0.005010236985981464, 0.004989980719983578, 0.004965035244822502, 0.004942744038999081, 0.004910941701382399, 0.004911329131573439, 0.004889906849712133, 0.004859939683228731, 0.004835731349885464, 0.004815690219402313, 0.004796272609382868, 0.0047787390649318695, 0.004759082105010748, 0.004750829190015793, 0.004714942537248135, 0.0047050281427800655], "accuracy": [0.17051690816879272, 0.17109642922878265, 0.17151877284049988, 0.17187464237213135, 0.17221079766750336, 0.17326071858406067, 0.17566804587841034, 0.17784440517425537, 0.1795298308134079, 0.18092013895511627, 0.18189753592014313, 0.18267051875591278, 0.1832839846611023, 0.18388274312019348, 0.18456131219863892, 0.1851053088903427, 0.18566253781318665, 0.18616309762001038, 0.18664832413196564, 0.18704545497894287, 0.1874927282333374, 0.1878466159105301, 0.18816684186458588, 0.188463494181633, 0.18873421847820282, 0.18898099660873413, 0.18917466700077057, 0.18939660489559174, 0.18954245746135712, 0.1897399127483368, 0.18988266587257385, 0.19001580774784088, 0.19015608727931976, 0.1902642846107483, 0.1903754323720932, 0.1904727965593338, 0.19056729972362518, 0.19063982367515564, 0.19071656465530396, 0.19078394770622253, 0.19087490439414978, 0.19094082713127136, 0.19100670516490936, 0.19108086824417114, 0.19113771617412567, 0.19120177626609802, 0.1912655085325241, 0.1913200467824936, 0.19136160612106323, 0.1914162039756775, 0.1914691925048828, 0.19151495397090912, 0.1915600746870041, 0.1915985643863678, 0.19164136052131653, 0.19169776141643524, 0.19172336161136627, 0.19175846874713898, 0.19178736209869385, 0.19182229042053223, 0.19183754920959473, 0.19189570844173431, 0.19190822541713715, 0.19193007051944733, 0.1919703185558319, 0.19199594855308533, 0.19202125072479248, 0.19204507768154144, 0.1920880377292633, 0.19210317730903625, 0.192130908370018, 0.1921471655368805, 0.19217193126678467, 0.192195326089859, 0.19222567975521088, 0.19224587082862854, 0.19226711988449097, 0.19228819012641907, 0.19231000542640686, 0.19234120845794678, 0.19235928356647491, 0.1923709362745285, 0.1924028992652893, 0.1924159824848175, 0.19243216514587402, 0.19245880842208862, 0.19247812032699585, 0.1924862414598465, 0.1925159990787506, 0.1925199329853058, 0.19254159927368164, 0.1925635188817978, 0.19257333874702454, 0.19259770214557648, 0.19260913133621216, 0.19263075292110443, 0.1926412433385849, 0.1926528662443161, 0.192672461271286, 0.19268269836902618], "val_loss": [0.01979256607592106, 0.019420970231294632, 0.019285406917333603, 0.019130894914269447, 0.01875794492661953, 0.017392955720424652, 0.01569589041173458, 0.014545747078955173, 0.013803519308567047, 0.013409983366727829, 0.013134707696735859, 0.012927205301821232, 0.012553700245916843, 0.012413977645337582, 0.012096959166228771, 0.011850920505821705, 0.011526632122695446, 0.011460804380476475, 0.011025269515812397, 0.010903619229793549, 0.010455074720084667, 0.01034656073898077, 0.010172734968364239, 0.009886610321700573, 0.009626044891774654, 0.009518081322312355, 0.009199568070471287, 0.0091586634516716, 0.008915829472243786, 0.008893444202840328, 0.008667866699397564, 0.008619041182100773, 0.008483370766043663, 0.008493328467011452, 0.00828482210636139, 0.008508496917784214, 0.008340485394001007, 0.008062008768320084, 0.008027985692024231, 0.007925167679786682, 0.008067730814218521, 0.007975507527589798, 0.00789826549589634, 0.007986404001712799, 0.00765360938385129, 0.007696548476815224, 0.007602707017213106, 0.007540449965745211, 0.007779224775731564, 0.007691874634474516, 0.007578370161354542, 0.0074892546981573105, 0.00738490279763937, 0.007502374704927206, 0.007672268897294998, 0.007281832862645388, 0.007345113437622786, 0.007422108203172684, 0.007312788628041744, 0.007342229131609201, 0.007279370445758104, 0.0073066288605332375, 0.007177996449172497, 0.007095882669091225, 0.007109133992344141, 0.007018342148512602, 0.007032901979982853, 0.0069098398089408875, 0.006935490760952234, 0.0068679372780025005, 0.006902709603309631, 0.006954746320843697, 0.0068742381408810616, 0.006809604354202747, 0.006970986723899841, 0.00685504637658596, 0.006796973291784525, 0.0069956970401108265, 0.0068185217678546906, 0.0071074324660003185, 0.0070428005419671535, 0.006619858555495739, 0.007254484575241804, 0.0068067871034145355, 0.00683332234621048, 0.006755199749022722, 0.006837459746748209, 0.00664616608992219, 0.006553009618073702, 0.006535675842314959, 0.006525441072881222, 0.006552834529429674, 0.0064421710558235645, 0.006609155796468258, 0.006431051064282656, 0.0064931814558804035, 0.006532341241836548, 0.006396205630153418, 0.006567120086401701, 0.006431630812585354],