{"loss": [0.0016446285881102085, 0.0016096314648166299, 0.0015947009669616818, 0.0015876058023422956, 0.0015826225280761719, 0.0015754334162920713, 0.001576742040924728, 0.0015530530363321304, 0.0015483552124351263, 0.0015478631248697639, 0.0015400140546262264, 0.0015374468639492989, 0.0015332731418311596, 0.0015349425375461578, 0.0015164334326982498, 0.0015097633004188538, 0.001508990302681923, 0.0015128441154956818, 0.0014976217644289136, 0.0015034385723993182, 0.0014919100794941187, 0.0014869840815663338, 0.001491196104325354, 0.0014796286122873425, 0.0014739868929609656, 0.0014746952801942825, 0.0014683804474771023, 0.0014728987589478493, 0.0014545164303854108, 0.0014715833822265267, 0.0014527776511386037, 0.001445389469154179, 0.0014514358481392264, 0.0014435178600251675, 0.0014381344662979245, 0.0014272830449044704, 0.0014424679102376103, 0.0014271503314375877, 0.0014252715045586228, 0.0014308452373370528, 0.0014090320328250527, 0.0014190215151757002, 0.0014081733534112573], "accuracy": [0.18381358683109283, 0.1838245987892151, 0.1838267296552658, 0.18383294343948364, 0.18383467197418213, 0.18383793532848358, 0.18383455276489258, 0.18384481966495514, 0.18384462594985962, 0.18384553492069244, 0.1838478147983551, 0.18384949862957, 0.18384991586208344, 0.18384931981563568, 0.1838538497686386, 0.18385466933250427, 0.18385548889636993, 0.18385706841945648, 0.18386144936084747, 0.18386006355285645, 0.1838615983724594, 0.18386249244213104, 0.18386471271514893, 0.18386392295360565, 0.18386511504650116, 0.18386763334274292, 0.18386942148208618, 0.1838659793138504, 0.18386931717395782, 0.18386973440647125, 0.1838727593421936, 0.18387258052825928, 0.1838739663362503, 0.18387436866760254, 0.1838771104812622, 0.18387673795223236, 0.1838739663362503, 0.1838752031326294, 0.183877632021904, 0.18387797474861145, 0.18387939035892487, 0.18387845158576965, 0.18388134241104126], "val_loss": [0.0017882271204143763, 0.0016393219120800495, 0.0015772335464134812, 0.0015478678978979588, 0.0017063813284039497, 0.0018726232228800654, 0.0016198359662666917, 0.0015291578602045774, 0.0015725691337138414, 0.001919042901135981, 0.0020402490627020597, 0.0016493407310917974, 0.001654811785556376, 0.0015274708857759833, 0.0015818980755284429, 0.0019763470627367496, 0.001836520852521062, 0.0016572950407862663, 0.0016782630700618029, 0.0015214039012789726, 0.0014812892768532038, 0.0014799261698499322, 0.001495392993092537, 0.0014895974891260266, 0.0015220650238916278, 0.0014775109011679888, 0.0015337023651227355, 0.0016670430777594447, 0.001477045938372612, 0.001488248584792018, 0.0014719924656674266, 0.0014972550561651587, 0.0014367027906700969, 0.0014697381993755698, 0.0014508366584777832, 0.0015527019277215004, 0.0014988344628363848, 0.0014926557196304202, 0.0016305946046486497, 0.0015183405485004187, 0.0014392618322744966, 0.0014411865267902613, 0.0014501200057566166], "val_accuracy": [0.16627931594848633, 0.16629751026630402, 0.166307270526886, 0.16632209718227386, 0.16628976166248322, 0.1662038415670395, 0.16630053520202637, 0.16632479429244995, 0.1663029044866562, 0.1662924587726593, 0.1662425845861435, 0.1663355827331543, 0.16627122461795807, 0.16632412374019623, 0.16633793711662292, 0.1662958264350891, 0.16633827984333038, 0.1662890762090683, 0.16631165146827698, 0.1663328856229782, 0.16633860766887665, 0.16633524000644684, 0.16632580757141113, 0.16634736955165863, 0.16633355617523193, 0.16634197533130646, 0.1663433313369751, 0.16633827984333038, 0.16634905338287354, 0.16634804010391235, 0.16634400188922882, 0.16634231805801392, 0.16634704172611237, 0.16634400188922882, 0.16634736955165863, 0.16633187234401703, 0.16634434461593628, 0.16635209321975708, 0.16632378101348877, 0.16634097695350647, 0.16634400188922882, 0.16635175049304962, 0.16635343432426453]}