{"loss": [0.0016564992256462574, 0.0016216629883274436, 0.0016179775120690465, 0.0015996203292161226, 0.0015852246433496475, 0.0015747598372399807, 0.001568357227370143, 0.0015631542773917317, 0.0015506807249039412, 0.0015509194927290082, 0.0015487342607229948, 0.001522358157671988], "accuracy": [0.1721152514219284, 0.17212218046188354, 0.1721205711364746, 0.17212940752506256, 0.17213061451911926, 0.1721334159374237, 0.17213450372219086, 0.17213544249534607, 0.17213839292526245, 0.17213977873325348, 0.1721445769071579, 0.17214491963386536], "val_loss": [0.0015999928582459688, 0.0015657490584999323, 0.0016822979087010026, 0.0016085741808637977, 0.001590047380886972, 0.002099965699017048, 0.0019484751392155886, 0.0016589774750173092, 0.0017353707225993276, 0.0016550130676478148, 0.0018469070782884955, 0.0016987983835861087], "val_accuracy": [0.20353908836841583, 0.2035437971353531, 0.20354312658309937, 0.20354582369327545, 0.20355188846588135, 0.20348820090293884, 0.20352324843406677, 0.20357075333595276, 0.20355290174484253, 0.20355862379074097, 0.2035272866487503, 0.2035488486289978]}