{"loss": [0.00326124532148242, 0.0030939143616706133, 0.0030302046798169613, 0.002964793937280774, 0.0028995834290981293, 0.0028833120595663786, 0.002844986505806446, 0.0028088768012821674, 0.002783573931083083, 0.0027560200542211533, 0.0027408830355852842, 0.0027317237108945847, 0.00268808682449162, 0.002683038357645273, 0.002651241375133395, 0.0026472182944417, 0.002635617507621646, 0.002610633382573724, 0.0026022049132734537, 0.0025894332211464643, 0.002578257117420435, 0.0025562529917806387, 0.002547536976635456, 0.002538891276344657, 0.0025365971960127354, 0.0025052963756024837, 0.002509677316993475, 0.0024915423709899187, 0.002476867288351059, 0.002482501557096839, 0.002452726708725095, 0.0024608601815998554, 0.0024378092493861914, 0.0024412469938397408, 0.0024257206823676825, 0.002410636516287923, 0.002410094253718853, 0.0023956315126270056, 0.0024043768644332886, 0.0023780546616762877, 0.002372884191572666, 0.0023623863235116005, 0.0023667572531849146, 0.00234979041852057, 0.002351632108911872, 0.0023290750104933977, 0.0023287867661565542, 0.002330792834982276, 0.0023198798298835754, 0.002307381248101592, 0.0023002326488494873, 0.0022971301805227995, 0.0022889592219144106, 0.0022855044808238745, 0.00227446504868567, 0.0022703895810991526, 0.002266883384436369, 0.002258049324154854, 0.0022480085026472807, 0.00225025019608438, 0.0022417986765503883, 0.002227663528174162, 0.002231953199952841, 0.0022301296703517437, 0.0022179579827934504, 0.0022023674100637436, 0.0022138836793601513, 0.0021966341882944107, 0.002198736183345318, 0.0021952742245048285, 0.002183247124776244, 0.002180330688133836, 0.0021781334653496742, 0.002169558545574546, 0.002164948731660843, 0.0021631375420838594, 0.002152655040845275, 0.002146378858014941, 0.002152693225070834, 0.002142648445442319, 0.0021376165095716715, 0.0021265174727886915, 0.0021367743611335754, 0.0021224135998636484, 0.0021177029702812433, 0.00211618491448462, 0.002108295215293765, 0.0021183467470109463, 0.002082844264805317, 0.002105027437210083, 0.0020901733078062534, 0.002087523229420185, 0.002090433845296502, 0.0020782346837222576], "accuracy": [0.18332193791866302, 0.18345314264297485, 0.1835029274225235, 0.18353691697120667, 0.18356680870056152, 0.18358029425144196, 0.18359893560409546, 0.18361534178256989, 0.18362008035182953, 0.1836274266242981, 0.18363577127456665, 0.18364407122135162, 0.1836482286453247, 0.18365377187728882, 0.18365927040576935, 0.18366192281246185, 0.18366651237010956, 0.18366996943950653, 0.1836732178926468, 0.1836790144443512, 0.18368130922317505, 0.18368485569953918, 0.18368850648403168, 0.18368935585021973, 0.1836918145418167, 0.18369530141353607, 0.1836967021226883, 0.18370015919208527, 0.18370015919208527, 0.18370375037193298, 0.18370510637760162, 0.1837073564529419, 0.18371069431304932, 0.18370895087718964, 0.18371179699897766, 0.18371474742889404, 0.1837151050567627, 0.18371549248695374, 0.1837182492017746, 0.18372024595737457, 0.18372024595737457, 0.18372294306755066, 0.18372385203838348, 0.18372489511966705, 0.18372569978237152, 0.1837279498577118, 0.18372920155525208, 0.18372873961925507, 0.18373024463653564, 0.18373019993305206, 0.18373364210128784, 0.18373119831085205, 0.18373414874076843, 0.18373529613018036, 0.18373629450798035, 0.18373669683933258, 0.18373769521713257, 0.18373943865299225, 0.18373894691467285, 0.18373943865299225, 0.1837395429611206, 0.18374104797840118, 0.18374104797840118, 0.18374264240264893, 0.18374404311180115, 0.1837458461523056, 0.18374444544315338, 0.18374653160572052, 0.1837470829486847, 0.18374663591384888, 0.18374793231487274, 0.18374818563461304, 0.1837480366230011, 0.1837504357099533, 0.18375064432621002, 0.1837509423494339, 0.18375243246555328, 0.18375234305858612, 0.1837533861398697, 0.1837518811225891, 0.1837552785873413, 0.18375279009342194, 0.18375568091869354, 0.18375663459300995, 0.18375548720359802, 0.18375752866268158, 0.1837567836046219, 0.18375737965106964, 0.18375873565673828, 0.1837582290172577, 0.18375888466835022, 0.18376003205776215, 0.1837586909532547, 0.18376098573207855], "val_loss": [0.0040222955867648125, 0.0036021980922669172, 0.003647287143394351, 0.003684316761791706, 0.0036302937660366297, 0.0036199528258293867, 0.0035818153992295265, 0.003742452012374997, 0.0036214247811585665, 0.003626910038292408, 0.003607809077948332, 0.003565835999324918, 0.003623326076194644, 0.0036596122663468122, 0.0035636452957987785, 0.003639909438788891, 0.0035570275504142046, 0.004000701941549778, 0.003478210885077715, 0.003483229549601674, 0.003494171891361475, 0.0035584766883403063, 0.003558367257937789, 0.003451990196481347, 0.0034988431725651026, 0.0034910535905510187, 0.003584723686799407, 0.003506187815219164, 0.003485157387331128, 0.0034871187526732683, 0.0034222048707306385, 0.0036622376646846533, 0.0034710417967289686, 0.003489893861114979, 0.0034860065206885338, 0.003635971574112773, 0.0033948486670851707, 0.003454984864220023, 0.0034914962016046047, 0.0033554271794855595, 0.003398357657715678, 0.003384779905900359, 0.0037986787501722574, 0.0034382797311991453, 0.0033719553612172604, 0.003546557854861021, 0.0037905548233538866, 0.0033606472425162792, 0.0033247426617890596, 0.003481729421764612, 0.0033794681075960398, 0.0033477069810032845, 0.0034102981444448233, 0.0033296525944024324, 0.00340276793576777, 0.0033804778940975666, 0.0033032295759767294, 0.0033365425188094378, 0.0037437607534229755, 0.0033002598211169243, 0.0033322637900710106, 0.00328511162661016, 0.0032848359551280737, 0.003190829185768962, 0.003214328782632947, 0.0034260691609233618, 0.0031882806215435266, 0.0032350451219826937, 0.003235521959140897, 0.003193996846675873, 0.003161812899634242, 0.0031981179490685463, 0.003229923313483596, 0.0033296351321041584, 0.003399510169401765, 0.003160580061376095, 0.0031682669650763273, 0.0037017567083239555, 0.003405021969228983, 0.003133100690320134, 0.003250712528824806, 0.0031913204584270716, 0.0031656932551413774, 0.003095677588135004, 0.0031623924151062965, 0.003100397763773799, 0.0031804977916181087, 0.003310755593702197, 0.0032765185460448265, 0.003248244756832719, 0.003150275908410549, 0.0031318007968366146, 0.0031432348769158125, 0.003120178123936057],