{"loss": [0.006117765326052904, 0.005713581573218107, 0.005522638093680143, 0.005415106657892466, 0.005300465971231461, 0.0052131363190710545, 0.005143173970282078, 0.005082704592496157, 0.005009334534406662, 0.004945016466081142, 0.004880212247371674, 0.0048431409522891045, 0.004794907756149769, 0.004749220795929432, 0.0046955556608736515, 0.004652584437280893, 0.004612527322024107, 0.004567048046737909, 0.004534926265478134, 0.004497080575674772, 0.004469488747417927, 0.004417350050061941, 0.004398501478135586, 0.004347560461610556, 0.004325950518250465, 0.0042998711578547955, 0.004260939545929432, 0.004244748502969742, 0.004206729121506214, 0.004180743359029293, 0.0041671390645205975, 0.004126800689846277, 0.0041025662794709206, 0.004085855558514595, 0.004061093088239431, 0.004032690543681383, 0.004014291800558567, 0.0039939419366419315, 0.0039690593257546425, 0.003944339696317911, 0.003930139821022749, 0.00390720134600997, 0.0038764560595154762, 0.0038737934082746506, 0.0038440038915723562, 0.0038251811638474464, 0.003814641386270523, 0.0037873308174312115, 0.0037758429534733295, 0.003753070021048188, 0.0037411425728350878, 0.0037219279911369085, 0.003705248236656189, 0.003690090961754322, 0.0036732733715325594, 0.0036523710004985332, 0.0036452573258429766, 0.003626780118793249, 0.0036144345067441463, 0.003597773378714919, 0.00357931200414896, 0.003576883114874363, 0.003551291301846504, 0.003532725153490901, 0.003528836416080594, 0.0035248789936304092, 0.0034998359624296427, 0.0034910517279058695, 0.0034784325398504734, 0.003463190048933029, 0.0034417021088302135, 0.0034441002644598484, 0.0034279325045645237, 0.0034226165153086185, 0.003400104818865657, 0.0033954971004277468, 0.0033739779610186815, 0.0033805572893470526, 0.0033625042997300625, 0.003349042497575283, 0.003334224224090576, 0.003332021413370967, 0.003314742585644126, 0.0033021443523466587, 0.0033045208547264338, 0.003283849684521556, 0.0032860245555639267, 0.0032566972076892853, 0.0032708377111703157, 0.0032311808317899704, 0.0032439257483929396, 0.0032258688006550074, 0.003216836368665099, 0.003207998815923929, 0.0032135844230651855, 0.0031879101879894733, 0.003179769031703472, 0.0031657819636166096, 0.0031697240192443132, 0.0031532193534076214], "accuracy": [0.18250317871570587, 0.18294532597064972, 0.18312500417232513, 0.1832338124513626, 0.18331189453601837, 0.1833806186914444, 0.18344055116176605, 0.18348328769207, 0.1835383176803589, 0.1835705041885376, 0.18361054360866547, 0.18363723158836365, 0.1836659163236618, 0.18369916081428528, 0.18372415006160736, 0.18375173211097717, 0.18377947807312012, 0.18379731476306915, 0.18381541967391968, 0.18383724987506866, 0.18385820090770721, 0.18388159573078156, 0.18389452993869781, 0.18391932547092438, 0.1839231252670288, 0.18394386768341064, 0.18395186960697174, 0.18397530913352966, 0.18399135768413544, 0.18400169909000397, 0.18401269614696503, 0.18402418494224548, 0.1840386837720871, 0.18405108153820038, 0.18406112492084503, 0.18406622111797333, 0.18408522009849548, 0.18409086763858795, 0.1841062605381012, 0.18411660194396973, 0.18412570655345917, 0.1841316968202591, 0.18414339423179626, 0.184151291847229, 0.184162437915802, 0.1841791421175003, 0.1841822862625122, 0.1841888278722763, 0.1841994822025299, 0.18420737981796265, 0.18421746790409088, 0.18422672152519226, 0.1842338740825653, 0.1842479705810547, 0.18425260484218597, 0.18426090478897095, 0.18427374958992004, 0.18427784740924835, 0.18428555130958557, 0.18429794907569885, 0.1843019425868988, 0.18430279195308685, 0.1843215376138687, 0.1843232810497284, 0.18433213233947754, 0.18433813750743866, 0.18434542417526245, 0.18434947729110718, 0.18435902893543243, 0.18436206877231598, 0.18436932563781738, 0.18437431752681732, 0.18437527120113373, 0.18438191711902618, 0.18438711762428284, 0.18439556658267975, 0.1844002604484558, 0.18440335988998413, 0.18441250920295715, 0.18441306054592133, 0.18441805243492126, 0.1844218522310257, 0.18443019688129425, 0.18443480134010315, 0.1844400018453598, 0.18444384634494781, 0.18444624543190002, 0.184453085064888, 0.18445409834384918, 0.18446189165115356, 0.18446514010429382, 0.18446864187717438, 0.18447288870811462, 0.18448078632354736, 0.1844804883003235, 0.18448397517204285, 0.1844908744096756, 0.18449907004833221, 0.1844942718744278, 0.18450547754764557], "val_loss": [0.005881170742213726, 0.0060452669858932495, 0.00598236545920372, 0.005853346548974514, 0.005797760095447302, 0.00584757886826992, 0.00622767535969615, 0.005724724382162094, 0.005732495337724686, 0.005925534293055534, 0.006184577941894531, 0.005706207361072302, 0.0055921198800206184, 0.005576940719038248, 0.0060678389854729176, 0.005810836795717478, 0.005598240531980991, 0.005534986034035683, 0.006204160861670971, 0.005703421775251627, 0.005474210251122713, 0.00541080255061388, 0.005395947024226189, 0.005526821129024029, 0.00537439389154315, 0.005388851743191481, 0.005581355653703213, 0.005330259911715984, 0.005364213604480028, 0.005219833925366402, 0.005351569503545761, 0.005261202808469534, 0.006268811412155628, 0.0054694535210728645, 0.005259317811578512, 0.005289283115416765, 0.0052142152562737465, 0.0054909889586269855, 0.005202364642173052, 0.005445548333227634, 0.0051756566390395164, 0.005246886517852545, 0.0051865954883396626, 0.00513271102681756, 0.005215614102780819, 0.00518334424123168, 0.005358902737498283, 0.005159246735274792, 0.005393747240304947, 0.005178621504455805, 0.005150770302861929, 0.004986228886991739, 0.005087668541818857, 0.004996573086827993, 0.005318825598806143, 0.004996208474040031, 0.005012239329516888, 0.004982086829841137, 0.0051071783527731895, 0.004954913165420294, 0.005253276787698269, 0.005050829611718655, 0.004889323841780424, 0.004860845394432545, 0.004841526970267296, 0.004847477190196514, 0.00493777496740222, 0.004816841799765825, 0.004877252038568258, 0.005047513637691736, 0.004935909993946552, 0.004988826811313629, 0.004758500959724188, 0.004806653130799532, 0.0050279684364795685, 0.00473821023479104, 0.004865420050919056, 0.004810118116438389, 0.0047700004652142525, 0.004658193327486515, 0.005025286693125963, 0.004721503239125013, 0.004796931985765696, 0.004657498095184565, 0.004684729035943747, 0.004677570890635252, 0.005010593682527542, 0.004707186948508024, 0.004597065970301628, 0.004663141444325447, 0.004656006582081318, 0.0047187176533043385, 0.004626045003533363, 0.004718851763755083, 0.004510960541665554, 0.004619524348527193, 0.004549588542431593, 0.005074263084679842, 0.00450603011995554, 0.004521524533629417],