{"loss": [0.020128147676587105, 0.01928272470831871, 0.018754033371806145, 0.018199332058429718, 0.017172764986753464, 0.01539706066250801, 0.01394628081470728, 0.012962706387043, 0.01223484706133604, 0.011685819365084171, 0.011229786090552807, 0.01086282730102539, 0.010530531406402588, 0.010269827209413052, 0.010023918002843857, 0.009797338396310806, 0.009581930004060268, 0.009407110512256622, 0.009237706661224365, 0.009083927609026432, 0.008930073119699955, 0.008783919736742973, 0.008668988011777401, 0.008540218695998192, 0.008429518900811672, 0.008327472023665905, 0.00820920430123806, 0.00812970194965601, 0.008036435581743717, 0.007956021465361118, 0.007852666079998016, 0.007780644576996565, 0.007707586511969566, 0.0076280622743070126, 0.007548465859144926, 0.007496228441596031, 0.007408192381262779, 0.0073631759732961655, 0.0072879367507994175, 0.007226875051856041, 0.007162744179368019, 0.007102306932210922, 0.007039305288344622, 0.006980527192354202, 0.006933858618140221, 0.006868697702884674, 0.006811155937612057, 0.006768800318241119, 0.0066925473511219025, 0.0066384742967784405, 0.0066086663864552975, 0.00654929643496871, 0.006500334944576025, 0.006460806354880333, 0.006424271035939455, 0.006365461274981499, 0.006322998087853193, 0.006285103969275951, 0.0062493570148944855, 0.0062105171382427216, 0.006171937566250563, 0.006135265808552504, 0.006106324028223753, 0.00606571463868022, 0.006035956088453531, 0.006001269910484552, 0.005965034943073988, 0.005926555022597313, 0.005918534938246012, 0.005871632136404514, 0.0058322870172560215, 0.005819507408887148, 0.005771971307694912, 0.0057656425051391125, 0.005728594958782196, 0.0057021756656467915, 0.0056674545630812645, 0.005657743662595749, 0.005612506065517664, 0.00560411112383008, 0.0055624693632125854, 0.00555029883980751, 0.005517212208360434, 0.005482747219502926, 0.0054968297481536865, 0.005432905629277229, 0.005437597166746855, 0.005400150083005428, 0.0053788116201758385, 0.005365414544939995, 0.005331575404852629, 0.005325016565620899, 0.005290461238473654, 0.005270048510283232, 0.005257313139736652, 0.005232391878962517, 0.005215829703956842, 0.005190558731555939, 0.005175567232072353, 0.005153229460120201], "accuracy": [0.17062385380268097, 0.17153160274028778, 0.17231552302837372, 0.17307785153388977, 0.175026997923851, 0.17837028205394745, 0.1807250678539276, 0.18239524960517883, 0.1836356669664383, 0.18460072576999664, 0.18539772927761078, 0.18600724637508392, 0.18653199076652527, 0.18695716559886932, 0.18733642995357513, 0.1876707375049591, 0.18799680471420288, 0.18820282816886902, 0.18843597173690796, 0.18863104283809662, 0.18881812691688538, 0.1889960765838623, 0.18916158378124237, 0.18930895626544952, 0.18941815197467804, 0.1895436942577362, 0.18969856202602386, 0.18980416655540466, 0.18989180028438568, 0.1899835616350174, 0.19009731709957123, 0.19020377099514008, 0.19025588035583496, 0.19038031995296478, 0.19045105576515198, 0.19051380455493927, 0.19061146676540375, 0.19064892828464508, 0.19073250889778137, 0.19080139696598053, 0.19084720313549042, 0.19092579185962677, 0.19097104668617249, 0.19104048609733582, 0.19106537103652954, 0.1911417543888092, 0.19116483628749847, 0.19124716520309448, 0.19127218425273895, 0.19133582711219788, 0.19136695563793182, 0.19141076505184174, 0.19145911931991577, 0.19148240983486176, 0.19151218235492706, 0.19155019521713257, 0.19161109626293182, 0.1916094422340393, 0.1916605532169342, 0.19168007373809814, 0.1917075514793396, 0.19173982739448547, 0.1917581558227539, 0.19179612398147583, 0.19181185960769653, 0.19183094799518585, 0.19187675416469574, 0.19188785552978516, 0.19189533591270447, 0.19193260371685028, 0.1919623762369156, 0.19197551906108856, 0.19200170040130615, 0.19202382862567902, 0.1920400708913803, 0.19205999374389648, 0.1920817345380783, 0.19209207594394684, 0.1921260952949524, 0.19213718175888062, 0.19215531647205353, 0.1921580582857132, 0.19220562279224396, 0.1922212541103363, 0.19221101701259613, 0.19224713742733002, 0.19225308299064636, 0.19228219985961914, 0.1923021376132965, 0.1923130303621292, 0.19232961535453796, 0.1923515349626541, 0.19235384464263916, 0.19238391518592834, 0.19238486886024475, 0.192408487200737, 0.19242417812347412, 0.19242273271083832, 0.1924407184123993, 0.19246149063110352], "val_loss": [0.019681885838508606, 0.01918770931661129, 0.018623705953359604, 0.018164250999689102, 0.017153332009911537, 0.016027119010686874, 0.014595863409340382, 0.013847779482603073, 0.013173115439713001, 0.012487940490245819, 0.012079929932951927, 0.011800654232501984, 0.011605534702539444, 0.01126290112733841, 0.011145107448101044, 0.010768070816993713, 0.011162921786308289, 0.010791364125907421, 0.010261562652885914, 0.010252272710204124, 0.010024834424257278, 0.009823557920753956, 0.009777110069990158, 0.009608776308596134, 0.009775204584002495, 0.009556539356708527, 0.009435844607651234, 0.009282087907195091, 0.009278307668864727, 0.009117674082517624, 0.00908201839774847, 0.00946743506938219, 0.008987137116491795, 0.008949307724833488, 0.008820846676826477, 0.008760153315961361, 0.008778797462582588, 0.008643986657261848, 0.00856245681643486, 0.00858890637755394, 0.008496449328958988, 0.008434542454779148, 0.008476418443024158, 0.008756959810853004, 0.008299504406750202, 0.00831450242549181, 0.008546196855604649, 0.008454542607069016, 0.008349905721843243, 0.008105077780783176, 0.008283048868179321, 0.008216305635869503, 0.007999020628631115, 0.007863732054829597, 0.007833285257220268, 0.007861784659326077, 0.007987340912222862, 0.007782070431858301, 0.008075143210589886, 0.007793000899255276, 0.007919617928564548, 0.007790958508849144, 0.007561810780316591, 0.007533343508839607, 0.007710220292210579, 0.007516870740801096, 0.007439130917191505, 0.007384371478110552, 0.007361428812146187, 0.00734454020857811, 0.007514110766351223, 0.007281789556145668, 0.0072483099065721035, 0.0072683352045714855, 0.007183552253991365, 0.007345123682171106, 0.007531549781560898, 0.007094744127243757, 0.007055181078612804, 0.007119662594050169, 0.007048493716865778, 0.007056369911879301, 0.007356980815529823, 0.007037913892418146, 0.0069500464014709, 0.0068784961476922035, 0.007029180880635977, 0.007084235083311796, 0.006975966971367598, 0.007163980044424534, 0.006845543161034584, 0.006809869781136513, 0.0070649306289851665, 0.007191432174295187, 0.006867432501167059, 0.006778192240744829, 0.006772883236408234, 0.006721452344208956, 0.006783406250178814, 0.006748165935277939],