{"loss": [0.0015216975007206202, 0.0015051800291985273, 0.0014742282219231129, 0.0014837721828371286, 0.0014506967272609472, 0.0014607984339818358, 0.001452965079806745, 0.0014395805774256587, 0.0014323274372145534, 0.001426704810000956, 0.0014248035149648786, 0.001414680271409452, 0.0014343536458909512, 0.001407162519171834, 0.0013972512679174542, 0.001392014673911035, 0.0013934883754700422, 0.0013887000968679786, 0.0013832690892741084, 0.0013991149608045816, 0.0013676445232704282, 0.0013674816582351923, 0.0013699692208319902, 0.00136557687073946, 0.0013588936999440193, 0.0013553022872656584, 0.0013558976352214813, 0.0013519956264644861, 0.001359839690849185, 0.0013317750999704003, 0.0013332809321582317, 0.0013368414947763085, 0.0013278434053063393, 0.0013288786867633462, 0.0013283693697303534, 0.0013229686301201582, 0.0013299226993694901, 0.001324986107647419, 0.0013097478076815605, 0.0013080923818051815, 0.0013114397879689932, 0.0012958510778844357, 0.0013097625924274325, 0.0013063161168247461, 0.001297406037338078, 0.001287659164518118, 0.0012929579243063927, 0.0012825491139665246, 0.0012835871893912554, 0.0012884753523394465, 0.0012802837882190943, 0.0012840114068239927, 0.0012717634672299027, 0.0012781711993739009, 0.0012549007078632712, 0.0012779808603227139, 0.0012615774758160114, 0.0012744558043777943, 0.001260328572243452, 0.0012541940668597817, 0.0012520381715148687, 0.0012583499774336815, 0.0012556574074551463, 0.0012408016482368112, 0.0012541143223643303, 0.001238750177435577], "accuracy": [0.1839023232460022, 0.1839129626750946, 0.18392090499401093, 0.18392734229564667, 0.18393348157405853, 0.18393288552761078, 0.1839369386434555, 0.1839432269334793, 0.18394352495670319, 0.1839447170495987, 0.18394771218299866, 0.18395087122917175, 0.18394936621189117, 0.1839529573917389, 0.18395550549030304, 0.1839541643857956, 0.18396030366420746, 0.18395790457725525, 0.18396075069904327, 0.18395864963531494, 0.1839611977338791, 0.183964341878891, 0.18396104872226715, 0.183964341878891, 0.18396644294261932, 0.18396195769309998, 0.18396884202957153, 0.18396569788455963, 0.18396525084972382, 0.1839686930179596, 0.18397049605846405, 0.18396899104118347, 0.18397468328475952, 0.183970645070076, 0.18397213518619537, 0.18397243320941925, 0.1839725822210312, 0.1839722841978073, 0.1839773803949356, 0.1839749813079834, 0.18397648632526398, 0.18397708237171173, 0.1839761883020401, 0.18397767841815948, 0.18397678434848785, 0.18397827446460724, 0.18398022651672363, 0.18397918343544006, 0.18398112058639526, 0.18398022651672363, 0.1839832216501236, 0.18398156762123108, 0.18398277461528778, 0.1839808225631714, 0.1839844137430191, 0.18398411571979523, 0.1839832216501236, 0.18398277461528778, 0.1839844137430191, 0.1839839667081833, 0.1839844137430191, 0.18398381769657135, 0.18398351967334747, 0.18398591876029968, 0.1839863657951355, 0.18398576974868774], "val_loss": [0.0015820658300071955, 0.0014571126084774733, 0.0016890154220163822, 0.0014666349161416292, 0.0015387627063319087, 0.0016152237076312304, 0.0015147062949836254, 0.001771405222825706, 0.0015699482755735517, 0.001523542101494968, 0.0014459212543442845, 0.0014423124957829714, 0.0014042803086340427, 0.0014055685605853796, 0.0014459857484325767, 0.001440850435756147, 0.001395129133015871, 0.0015117876464501023, 0.0013649256434291601, 0.0013717763358727098, 0.0013906072126701474, 0.001393005484715104, 0.0015848231269046664, 0.0013793309917673469, 0.0018707935232669115, 0.001376710133627057, 0.0014522048877552152, 0.001415224396623671, 0.0013628769665956497, 0.0013755320105701685, 0.0013949857093393803, 0.0014129922492429614, 0.0014443269465118647, 0.001347956946119666, 0.0013735598186030984, 0.0014357998734340072, 0.001377304783090949, 0.001339890994131565, 0.0013327304041013122, 0.0013703256845474243, 0.0015086864586919546, 0.001354407868348062, 0.0013134072069078684, 0.0015008228365331888, 0.0013319752179086208, 0.001390113146044314, 0.0013503317022696137, 0.0013154435437172651, 0.0013620731187984347, 0.0013035036390647292, 0.0014649516670033336, 0.0013030885020270944, 0.0013394291745498776, 0.0014836809132248163, 0.0013472889550030231, 0.0012994017452001572, 0.0013075480237603188, 0.0013175646308809519, 0.0013253301149234176, 0.00133350002579391, 0.0016241174889728427, 0.001391074270941317, 0.0014583667507395148, 0.0013877152232453227, 0.001409000251442194, 0.0014375392347574234], "val_accuracy": [0.16643531620502472, 0.16644474864006042, 0.16642048954963684, 0.16641105711460114, 0.16640430688858032, 0.1664406955242157, 0.16643531620502472, 0.16642048954963684, 0.1664501279592514, 0.1664379984140396, 0.16642452776432037, 0.16644339263439178, 0.16642722487449646, 0.16643935441970825, 0.16645687818527222, 0.16644474864006042, 0.16644878685474396, 0.1664474457502365, 0.1664595752954483, 0.1664474457502365, 0.16645418107509613, 0.16645552217960358, 0.1664191335439682, 0.16644339263439178, 0.1664406955242157, 0.1664595752954483, 0.1664474457502365, 0.16644205152988434, 0.16645552217960358, 0.1664406955242157, 0.16645148396492004, 0.16645821928977966, 0.16645552217960358, 0.16645148396492004, 0.16644474864006042, 0.1664595752954483, 0.16644878685474396, 0.1664595752954483, 0.16646361351013184, 0.1664501279592514, 0.16645821928977966, 0.16645821928977966, 0.16646091639995575, 0.1664501279592514, 0.16645552217960358, 0.16644608974456787, 0.16645418107509613, 0.16645821928977966, 0.16645418107509613, 0.16645687818527222, 0.16644205152988434, 0.1664528250694275, 0.16645148396492004, 0.16642992198467255, 0.16645552217960358, 0.16645418107509613, 0.1664622575044632, 0.16646361351013184, 0.16646091639995575, 0.1664501279592514, 0.16644205152988434, 0.16645687818527222, 0.16645418107509613, 0.16646091639995575, 0.16645687818527222, 0.16645821928977966]}