{"loss": [0.005092432256788015, 0.004728095605969429, 0.0045722778886556625, 0.004462935961782932, 0.004373069386929274, 0.004318905994296074, 0.004260673187673092, 0.0042009176686406136, 0.004168950021266937, 0.00412143487483263, 0.004087087232619524, 0.0040658265352249146, 0.004018044099211693, 0.003994425758719444, 0.003971737809479237, 0.003945662174373865, 0.003918113652616739, 0.003909405320882797, 0.003883455879986286, 0.0038633374497294426, 0.0038446998223662376, 0.003815395524725318, 0.00381022272631526, 0.003783326130360365, 0.003775534452870488, 0.003755571087822318, 0.0037361576687544584, 0.0037367413751780987, 0.0037028128281235695, 0.0037015369161963463, 0.003682767739519477, 0.003664839081466198, 0.003660093294456601, 0.003652166808024049, 0.0036299172788858414, 0.0036208820529282093, 0.0035947468131780624, 0.0035988292656838894, 0.0035887444391846657, 0.003564611077308655, 0.0035721631720662117, 0.003544381819665432, 0.003556228242814541, 0.0035272908862680197, 0.003511428367346525, 0.0035085210110992193, 0.0034973283763974905, 0.0035015149042010307, 0.0034740003757178783, 0.0034674808848649263, 0.0034563676454126835, 0.0034581574145704508, 0.0034449275117367506, 0.0034374711103737354, 0.0034220318775624037, 0.003420163644477725, 0.0034046273212879896, 0.0034020638559013605, 0.0033923101145774126, 0.003392597194761038, 0.003370543010532856, 0.0033641443587839603], "accuracy": [0.18121477961540222, 0.18176132440567017, 0.1819930225610733, 0.18213629722595215, 0.18225565552711487, 0.1823248714208603, 0.18238626420497894, 0.18245907127857208, 0.18250218033790588, 0.18255208432674408, 0.18259218335151672, 0.18262048065662384, 0.1826600581407547, 0.18268325924873352, 0.18272125720977783, 0.1827419400215149, 0.18276529014110565, 0.18278151750564575, 0.18280519545078278, 0.18282265961170197, 0.18283957242965698, 0.18286164104938507, 0.182869553565979, 0.18289342522621155, 0.1829036921262741, 0.18291541934013367, 0.18293865025043488, 0.18294337391853333, 0.18295566737651825, 0.18296732008457184, 0.18297725915908813, 0.1829923540353775, 0.18300190567970276, 0.1830076426267624, 0.18302342295646667, 0.18302473425865173, 0.18304695188999176, 0.18304553627967834, 0.18305860459804535, 0.18307232856750488, 0.18307547271251678, 0.18309083580970764, 0.18308702111244202, 0.18309684097766876, 0.18310710787773132, 0.18312111496925354, 0.1831233650445938, 0.1831263303756714, 0.1831328123807907, 0.18314772844314575, 0.18314814567565918, 0.1831551045179367, 0.18316160142421722, 0.1831684559583664, 0.1831711083650589, 0.18317736685276031, 0.18318824470043182, 0.18318970501422882, 0.18318894505500793, 0.1832011342048645, 0.18320465087890625, 0.18321016430854797], "val_loss": [0.00508669251576066, 0.00470611872151494, 0.004784915130585432, 0.0046670399606227875, 0.004823909606784582, 0.004695072304457426, 0.004826012067496777, 0.004647324327379465, 0.004772387444972992, 0.004514398984611034, 0.0046602217480540276, 0.004534556530416012, 0.0047674705274403095, 0.004460225813090801, 0.0045887925662100315, 0.004579444881528616, 0.00460528489202261, 0.004586377181112766, 0.00445844791829586, 0.004989437758922577, 0.00451067415997386, 0.004419372882694006, 0.004643320571631193, 0.004514401778578758, 0.004475374706089497, 0.004446119070053101, 0.0044022356159985065, 0.004440975841134787, 0.00433341134339571, 0.00462801568210125, 0.004320879466831684, 0.004525219555944204, 0.004464033525437117, 0.004330543335527182, 0.004469596780836582, 0.004426484927535057, 0.004302130080759525, 0.00460177892819047, 0.00435605039820075, 0.00437623355537653, 0.004342291038483381, 0.004648222588002682, 0.0043000392615795135, 0.004322456661611795, 0.004348171409219503, 0.004338683560490608, 0.00428802939131856, 0.004214353859424591, 0.0045898002572357655, 0.004170481581240892, 0.00427659647539258, 0.00412847101688385, 0.004321069922298193, 0.004189636092633009, 0.004180660471320152, 0.004243206698447466, 0.004195217974483967, 0.004138023592531681, 0.004271350800991058, 0.004155578091740608, 0.004150390159338713, 0.004220671020448208], "val_accuracy": [0.16409945487976074, 0.16415610909461975, 0.16421139240264893, 0.16424813866615295, 0.16388502717018127, 0.164103165268898, 0.16401618719100952, 0.1640293300151825, 0.16396494209766388, 0.1642993986606598, 0.16389548778533936, 0.16433580219745636, 0.16402865946292877, 0.16436749696731567, 0.16409912705421448, 0.16433580219745636, 0.16426533460617065, 0.1642528623342514, 0.16438402235507965, 0.16438335180282593, 0.1640525907278061, 0.16450437903404236, 0.16387896239757538, 0.1643853634595871, 0.16420666873455048, 0.16448178887367249, 0.16431625187397003, 0.16418340802192688, 0.16453169286251068, 0.16405124962329865, 0.16463789343833923, 0.16407012939453125, 0.16444571316242218, 0.16434626281261444, 0.16407856345176697, 0.16451112926006317, 0.16453944146633148, 0.16457653045654297, 0.16445818543434143, 0.16432298719882965, 0.16436715424060822, 0.16371510922908783, 0.16452966630458832, 0.1643476039171219, 0.16448044776916504, 0.16438604891300201, 0.16474241018295288, 0.1644851714372635, 0.16426196694374084, 0.16469252109527588, 0.16440154612064362, 0.16477882862091064, 0.16439884901046753, 0.16458462178707123, 0.16449527442455292, 0.16444773972034454, 0.16468475759029388, 0.16461901366710663, 0.16459137201309204, 0.16468611359596252, 0.16468240320682526, 0.16473498940467834]}