{"loss": [0.02054954320192337, 0.016765285283327103, 0.014797919429838657, 0.013489427976310253, 0.012550896033644676, 0.011879303492605686, 0.011352384462952614, 0.01091847475618124, 0.010580599308013916, 0.010278034955263138, 0.010010958649218082, 0.00977138988673687, 0.009561993181705475, 0.009413515217602253, 0.009229140356183052, 0.00905954372137785, 0.008938901126384735, 0.008803083561360836, 0.008688356727361679, 0.008573477156460285, 0.008471518754959106, 0.008369826711714268, 0.008271421305835247, 0.008183300495147705, 0.008110934868454933, 0.008020889014005661, 0.007940174080431461, 0.007879801094532013, 0.007793900556862354, 0.00774363661184907, 0.007672968320548534, 0.007594486232846975, 0.007544051855802536, 0.007478203158825636, 0.0074219051748514175, 0.007366906851530075, 0.0073064472526311874, 0.00726814242079854, 0.007208488415926695, 0.007165817078202963, 0.007097994443029165, 0.007069320883601904, 0.007011647801846266, 0.006971452385187149, 0.006906615104526281, 0.006904298905283213, 0.00684276083484292, 0.006791050545871258, 0.006769189145416021, 0.006705186795443296, 0.006678483448922634, 0.006644824519753456, 0.006594495847821236, 0.00656791590154171, 0.006533908657729626, 0.0064866081811487675, 0.006468531209975481, 0.0064363982528448105, 0.006384593900293112, 0.006348585709929466, 0.0063245175406336784, 0.006308004725724459, 0.006259618792682886, 0.0062248785980045795, 0.006204476114362478, 0.0061659072525799274, 0.006141260731965303, 0.006114186719059944, 0.006081494502723217, 0.006044378969818354, 0.006035818252712488, 0.005989322904497385, 0.0059737213887274265, 0.005952493753284216, 0.0059126196429133415, 0.005885771010071039, 0.005853796843439341, 0.0058487532660365105, 0.0058141713961958885, 0.005773283075541258, 0.005766279064118862, 0.005727889481931925, 0.005715508479624987, 0.005684694275259972, 0.0056671760976314545, 0.005637666676193476, 0.005614670924842358, 0.005592205096036196, 0.00556732015684247, 0.005540108773857355, 0.005521829705685377, 0.005496952682733536, 0.005481275264173746, 0.005449762102216482, 0.0054315789602696896, 0.00540546327829361, 0.005392946768552065, 0.005362436641007662, 0.005354739259928465, 0.005323817953467369], "accuracy": [0.17256122827529907, 0.17772972583770752, 0.18073782324790955, 0.18282490968704224, 0.18428893387317657, 0.18529613316059113, 0.18604324758052826, 0.18663978576660156, 0.1870732307434082, 0.18747608363628387, 0.18783195316791534, 0.1881079226732254, 0.18839994072914124, 0.1885443776845932, 0.18876045942306519, 0.18898561596870422, 0.1891298145055771, 0.18931682407855988, 0.1894422173500061, 0.1895606368780136, 0.18969839811325073, 0.1898227334022522, 0.189925417304039, 0.19002631306648254, 0.1900884360074997, 0.19020326435565948, 0.19028541445732117, 0.19035856425762177, 0.19044183194637299, 0.19047826528549194, 0.19058221578598022, 0.1906413584947586, 0.19069501757621765, 0.19076217710971832, 0.19083698093891144, 0.19089333713054657, 0.19094730913639069, 0.19098666310310364, 0.1910313367843628, 0.1910935342311859, 0.19113753736019135, 0.19117823243141174, 0.19123174250125885, 0.19126172363758087, 0.19133023917675018, 0.19133412837982178, 0.19139161705970764, 0.1914234757423401, 0.19144341349601746, 0.19150246679782867, 0.19152526557445526, 0.1915794461965561, 0.1915993094444275, 0.1916433870792389, 0.19165979325771332, 0.1916932314634323, 0.19171608984470367, 0.19175077974796295, 0.19178196787834167, 0.19184282422065735, 0.19184836745262146, 0.1918615698814392, 0.19191515445709229, 0.19194011390209198, 0.19196641445159912, 0.1919948309659958, 0.19201655685901642, 0.19204886257648468, 0.19207090139389038, 0.19210350513458252, 0.19210778176784515, 0.19214442372322083, 0.1921546310186386, 0.19217531383037567, 0.192216157913208, 0.19223272800445557, 0.19226481020450592, 0.19227297604084015, 0.19229276478290558, 0.19233083724975586, 0.19234028458595276, 0.192366361618042, 0.19236448407173157, 0.19238869845867157, 0.1924181580543518, 0.19241957366466522, 0.1924431174993515, 0.1924688220024109, 0.1924889087677002, 0.1925026923418045, 0.19251783192157745, 0.1925431787967682, 0.19254189729690552, 0.19257158041000366, 0.1925782561302185, 0.19259631633758545, 0.1926080733537674, 0.19263258576393127, 0.19264060258865356, 0.19266647100448608], "val_loss": [0.01858334057033062, 0.01710197515785694, 0.01613667421042919, 0.014702056534588337, 0.014308705925941467, 0.014155248180031776, 0.01384721975773573, 0.013619322329759598, 0.014163725078105927, 0.013733400031924248, 0.013061965815722942, 0.012847712263464928, 0.013141078874468803, 0.012743321247398853, 0.01296208519488573, 0.012530147098004818, 0.01294391043484211, 0.012249806895852089, 0.012887113727629185, 0.012279749847948551, 0.012360158376395702, 0.012045331299304962, 0.012018101289868355, 0.011911943554878235, 0.012152123264968395, 0.011723889037966728, 0.011766301468014717, 0.011879350990056992, 0.011585951782763004, 0.011471611447632313, 0.011652586050331593, 0.011921974830329418, 0.011461584828794003, 0.011359951458871365, 0.011808224022388458, 0.011421398259699345, 0.011174200102686882, 0.011311312206089497, 0.011055484414100647, 0.01107828225940466, 0.011276397854089737, 0.011334482580423355, 0.010984212160110474, 0.011194947175681591, 0.011178325861692429, 0.010783985257148743, 0.010966436937451363, 0.01069827750325203, 0.010739585384726524, 0.010791110806167126, 0.010822501964867115, 0.010714768432080746, 0.010836463421583176, 0.010573050007224083, 0.010552860796451569, 0.010442638769745827, 0.01051644328981638, 0.010457748547196388, 0.010665755718946457, 0.010141249746084213, 0.010702640749514103, 0.010550805367529392, 0.010252625681459904, 0.010104013606905937, 0.010611089877784252, 0.010114680044353008, 0.010065113194286823, 0.010150358080863953, 0.010199083015322685, 0.009873077273368835, 0.00996808148920536, 0.010028311982750893, 0.009842448867857456, 0.010178975760936737, 0.009935464709997177, 0.00968755129724741, 0.009774090722203255, 0.009651411324739456, 0.009687249548733234, 0.009792167693376541, 0.009715487249195576, 0.009651868604123592, 0.009516163729131222, 0.009618731215596199, 0.009618302807211876, 0.009505137801170349, 0.009455935098230839, 0.009624877944588661, 0.009733346290886402, 0.0096296276897192, 0.009471403434872627, 0.009450388140976429, 0.00938454084098339, 0.00953221507370472, 0.009376859292387962, 0.00933967623859644, 0.00960443913936615, 0.009214850142598152, 0.00938411708921194, 0.009390742518007755],