{"loss": [0.056597016751766205, 0.032281409949064255, 0.025294749066233635, 0.020414922386407852, 0.018353411927819252, 0.017064513638615608, 0.016100050881505013, 0.015206531621515751, 0.014117049984633923, 0.012564381584525108, 0.01100135874003172, 0.009944179095327854, 0.009334910660982132, 0.008755417540669441, 0.008438242599368095, 0.00805725622922182, 0.007693788968026638, 0.0074444361962378025, 0.00721909012645483, 0.006965149659663439, 0.006774987559765577, 0.006629536394029856, 0.006383053958415985, 0.006294945254921913, 0.006066123489290476, 0.005944628734141588, 0.005793615709990263, 0.005684096831828356, 0.00554390624165535, 0.005417340435087681, 0.0053002662025392056, 0.005160620901733637, 0.0050958446227014065, 0.004927483387291431, 0.004931035917252302, 0.004774590954184532, 0.004725127946585417, 0.0046081035397946835, 0.00455053336918354, 0.004461085423827171, 0.004410084802657366, 0.00434676930308342, 0.004255588166415691, 0.004217535723000765, 0.004162982106208801, 0.004093307536095381, 0.0040162960067391396, 0.004017027094960213, 0.003918409813195467, 0.003896149108186364, 0.003801711369305849, 0.0038038226775825024, 0.0037375970277935266, 0.0037001515738666058, 0.003636278910562396, 0.003619967959821224, 0.0035675466060638428, 0.0035177923273295164, 0.0034934990108013153, 0.0034679833333939314, 0.0033977520652115345, 0.0033958200365304947, 0.0033187654335051775, 0.003301569726318121, 0.003273435402661562, 0.0032368546817451715, 0.0032142354175448418, 0.0031700977124273777, 0.0031602594535797834, 0.0031110153067857027, 0.0030744660180062056, 0.003062860807403922, 0.003029430517926812, 0.0030224949587136507, 0.0029816697351634502, 0.00293891504406929, 0.002934251679107547, 0.002919025719165802, 0.002870213473215699, 0.0028487800154834986, 0.0028373210225254297, 0.002811733866110444, 0.002769709099084139, 0.0027744050603359938, 0.002736494643613696, 0.002726736944168806, 0.0026926351711153984, 0.002679581055417657, 0.0026513526681810617, 0.002654511481523514, 0.0025886769872158766, 0.002608500188216567, 0.00259337667375803, 0.0025694489013403654, 0.00255794171243906, 0.002529079094529152, 0.0025068912655115128, 0.0025241964031010866, 0.002461277646943927, 0.00244639883749187], "accuracy": [0.1487223207950592, 0.16853033006191254, 0.17710097134113312, 0.17976973950862885, 0.18086741864681244, 0.18176591396331787, 0.18265041708946228, 0.18367093801498413, 0.18500494956970215, 0.18647557497024536, 0.18760696053504944, 0.18817026913166046, 0.1884767860174179, 0.18869513273239136, 0.1888561099767685, 0.18902456760406494, 0.18916824460029602, 0.18929527699947357, 0.1894039660692215, 0.18950936198234558, 0.1896241158246994, 0.1897187978029251, 0.189833864569664, 0.18993070721626282, 0.19004374742507935, 0.19015146791934967, 0.19026553630828857, 0.19039078056812286, 0.19051438570022583, 0.1906629204750061, 0.19081167876720428, 0.19094914197921753, 0.19108404219150543, 0.19121423363685608, 0.19131587445735931, 0.1914287656545639, 0.19151423871517181, 0.19159813225269318, 0.19167925417423248, 0.1917562484741211, 0.1918262243270874, 0.19188740849494934, 0.1919640451669693, 0.19202344119548798, 0.19208785891532898, 0.19214531779289246, 0.19222037494182587, 0.19227947294712067, 0.19234217703342438, 0.19239266216754913, 0.19246059656143188, 0.19251392781734467, 0.19257093966007233, 0.1926201432943344, 0.1926754266023636, 0.1927206814289093, 0.19276157021522522, 0.19281281530857086, 0.1928548365831375, 0.19289550185203552, 0.1929495930671692, 0.1929764747619629, 0.19303041696548462, 0.19307152926921844, 0.19309669733047485, 0.19313356280326843, 0.1931626945734024, 0.19320179522037506, 0.19322673976421356, 0.19326704740524292, 0.19329684972763062, 0.19332090020179749, 0.19335108995437622, 0.19336853921413422, 0.1933967024087906, 0.19342763721942902, 0.19344322383403778, 0.1934453248977661, 0.19348464906215668, 0.193500816822052, 0.19352523982524872, 0.193536177277565, 0.1935577541589737, 0.1935707926750183, 0.1935850977897644, 0.1935967057943344, 0.19361212849617004, 0.193627268075943, 0.1936386525630951, 0.19363991916179657, 0.19366689026355743, 0.1936635971069336, 0.19367513060569763, 0.19367901980876923, 0.19369512796401978, 0.19370824098587036, 0.19372014701366425, 0.1937154233455658, 0.19373558461666107, 0.19374561309814453], "val_loss": [0.029698053374886513, 0.027128741145133972, 0.02112063206732273, 0.018857724964618683, 0.017610477283596992, 0.01664305105805397, 0.016188424080610275, 0.014944896101951599, 0.014218594878911972, 0.011245009489357471, 0.01002297643572092, 0.009521839208900928, 0.009250064380466938, 0.007969618774950504, 0.007520807906985283, 0.007857727818191051, 0.0070784627459943295, 0.0066186548210680485, 0.007658663671463728, 0.006467066239565611, 0.006041225977241993, 0.005994879174977541, 0.0057762060314416885, 0.005796018522232771, 0.005414729472249746, 0.005455635953694582, 0.005217679310590029, 0.00508912093937397, 0.005723097361624241, 0.005050445906817913, 0.005721379537135363, 0.004729612730443478, 0.00451309559866786, 0.004794266074895859, 0.004376061260700226, 0.004283384419977665, 0.004143938887864351, 0.00418276758864522, 0.004050157032907009, 0.004870046395808458, 0.003916964866220951, 0.004055052530020475, 0.003828782355412841, 0.0038236158434301615, 0.003712874138727784, 0.0037583038210868835, 0.003651969600468874, 0.003529306733980775, 0.0035313949920237064, 0.0035052685998380184, 0.0035544242709875107, 0.0035028704442083836, 0.0033537910785526037, 0.003399590030312538, 0.003302645869553089, 0.0037012880202382803, 0.00337464758194983, 0.003282786114141345, 0.0031795166432857513, 0.0031152013689279556, 0.0031966434326022863, 0.0030391269829124212, 0.0030097379349172115, 0.003864063648506999, 0.003049104940146208, 0.0029356633313000202, 0.0034374466631561518, 0.0033797272481024265, 0.0034018130972981453, 0.003145252587273717, 0.0027886638417840004, 0.0029288886580616236, 0.0029047734569758177, 0.00273143220692873, 0.0029242781456559896, 0.002762033836916089, 0.002890072762966156, 0.0026603976730257273, 0.0029781830962747335, 0.0026284432969987392, 0.002660447498783469, 0.002629798138514161, 0.0027505464386194944, 0.002637578872963786, 0.002636791905388236, 0.0033576341811567545, 0.0024943742901086807, 0.002497839741408825, 0.0027364613488316536, 0.002537623979151249, 0.002794272266328335, 0.0024794666096568108, 0.0024072506930679083, 0.002444659825414419, 0.0025337880942970514, 0.0024551833048462868, 0.0025986391119658947, 0.002412224654108286, 0.002462551696226001, 0.002408939180895686],