{"loss": [0.057183001190423965, 0.029226766899228096, 0.024148305878043175, 0.021562520414590836, 0.01959623210132122, 0.018223581835627556, 0.01676351949572563, 0.0152636943385005, 0.01351500116288662, 0.012244916521012783, 0.01129978522658348, 0.010607338510453701, 0.010113287717103958, 0.009543870575726032, 0.009161257185041904, 0.008596251718699932, 0.008269471116364002, 0.007962912321090698, 0.0076981838792562485, 0.007415491621941328, 0.0072888461872935295, 0.007087109610438347, 0.006941580213606358, 0.006766384467482567, 0.006620808970183134, 0.006516891065984964, 0.00638054171577096, 0.0062748282216489315, 0.006210078950971365, 0.006051931995898485, 0.0059494748711586, 0.005897126160562038, 0.005798598751425743, 0.005719183478504419, 0.005619656760245562, 0.005520110484212637, 0.00542643666267395, 0.005330083426088095, 0.005259166471660137, 0.00517041003331542, 0.005106909666210413, 0.004976618569344282, 0.004922076128423214, 0.004857924766838551, 0.004790190141648054, 0.00472631398588419, 0.004647023044526577, 0.004582212772220373, 0.004517348017543554, 0.004474656190723181, 0.004425523336976767, 0.004375878721475601, 0.004287415184080601, 0.004236787091940641, 0.004202369134873152, 0.004141322337090969, 0.0041040098294615746, 0.00405340688303113, 0.003969892393797636, 0.003983058966696262, 0.0038785296492278576, 0.0038794248830527067, 0.0037966847885400057, 0.0037831508088856936, 0.003723252797499299, 0.0036808017175644636, 0.0036449646577239037, 0.0035758200101554394, 0.003584831953048706, 0.0035154700744897127, 0.0034813047386705875, 0.003444882808253169, 0.0034021944738924503, 0.003369760699570179, 0.0033098591957241297, 0.0033044766169041395, 0.003244881285354495, 0.0032417429611086845, 0.0031714518554508686, 0.0031699722167104483, 0.003105513984337449, 0.0031018932349979877, 0.003064594231545925, 0.0030211014673113823, 0.0030015246011316776, 0.0029765842482447624, 0.0029304029885679483, 0.0029134906362742186, 0.002891196170821786, 0.002849393058568239, 0.0028350739739835262, 0.0027979023288935423, 0.0027716835029423237, 0.0027787659782916307, 0.002717460971325636, 0.0027034422382712364, 0.0026877850759774446, 0.0026752986013889313, 0.0026454937178641558, 0.002636797958984971], "accuracy": [0.15031835436820984, 0.17488384246826172, 0.1781412661075592, 0.1794756054878235, 0.18060873448848724, 0.1817639023065567, 0.1832641214132309, 0.18515066802501678, 0.18687410652637482, 0.1877836138010025, 0.1882430464029312, 0.1885228455066681, 0.18870271742343903, 0.18886731564998627, 0.18901823461055756, 0.18914401531219482, 0.18923835456371307, 0.18934676051139832, 0.1894189715385437, 0.18950602412223816, 0.18957078456878662, 0.18963700532913208, 0.18968968093395233, 0.18975970149040222, 0.18982212245464325, 0.18987895548343658, 0.18994182348251343, 0.19000069797039032, 0.1900411993265152, 0.1901322901248932, 0.19017598032951355, 0.19023685157299042, 0.1903003752231598, 0.19037148356437683, 0.1904418021440506, 0.19053234159946442, 0.19062072038650513, 0.19073139131069183, 0.1908484846353531, 0.19094356894493103, 0.19104549288749695, 0.1911679357290268, 0.19125288724899292, 0.19134750962257385, 0.19143056869506836, 0.1915058195590973, 0.19158761203289032, 0.191644549369812, 0.19172848761081696, 0.19177672266960144, 0.1918383091688156, 0.19188909232616425, 0.19196109473705292, 0.19201911985874176, 0.19207021594047546, 0.1921291947364807, 0.19217632710933685, 0.19223220646381378, 0.19228284060955048, 0.1923341304063797, 0.19239355623722076, 0.19243879616260529, 0.19249951839447021, 0.19253653287887573, 0.1925984025001526, 0.19264759123325348, 0.1926824003458023, 0.1927463710308075, 0.19277817010879517, 0.19282720983028412, 0.19288824498653412, 0.1929246485233307, 0.1929662972688675, 0.19301173090934753, 0.19306042790412903, 0.19308748841285706, 0.1931399255990982, 0.19316594302654266, 0.1932295560836792, 0.19323870539665222, 0.19329218566417694, 0.19332438707351685, 0.1933487206697464, 0.19338706135749817, 0.1934155374765396, 0.19342856109142303, 0.193470761179924, 0.19348843395709991, 0.19351236522197723, 0.1935473084449768, 0.1935594528913498, 0.19358162581920624, 0.1936061978340149, 0.1936080902814865, 0.19363650679588318, 0.1936541348695755, 0.19366566836833954, 0.19367794692516327, 0.19368788599967957, 0.19369642436504364], "val_loss": [0.027187112718820572, 0.023009663447737694, 0.0209994837641716, 0.01935194432735443, 0.02078503929078579, 0.017159003764390945, 0.016256263479590416, 0.01594710350036621, 0.017686909064650536, 0.011792618781328201, 0.011076032184064388, 0.010789567604660988, 0.009613235481083393, 0.009758248925209045, 0.008475729264318943, 0.008222959004342556, 0.008606870658695698, 0.007976438850164413, 0.007377659901976585, 0.007558085024356842, 0.006722589023411274, 0.006429518572986126, 0.0062935128808021545, 0.0061913663521409035, 0.005980412010103464, 0.006124016363173723, 0.006068596616387367, 0.006442590616643429, 0.005636859685182571, 0.005478379316627979, 0.005457135848701, 0.005394432228058577, 0.00527442991733551, 0.00514403497800231, 0.005133750382810831, 0.005153835751116276, 0.004991418216377497, 0.0054628257639706135, 0.005371128674596548, 0.005050385370850563, 0.004730560816824436, 0.005551015492528677, 0.004415601491928101, 0.0043881661258637905, 0.0045299530029296875, 0.0045713819563388824, 0.004387888591736555, 0.004175069276243448, 0.004522870760411024, 0.004089858382940292, 0.004029431845992804, 0.003958332352340221, 0.0038836232852190733, 0.003962704446166754, 0.00391777791082859, 0.003975322004407644, 0.004036278463900089, 0.0036512159276753664, 0.003921558149158955, 0.0036454182118177414, 0.0037034705746918917, 0.003581060329452157, 0.0037150222342461348, 0.0034720110706984997, 0.003552716923877597, 0.003507006447762251, 0.003502478124573827, 0.0033542916644364595, 0.0032835151068866253, 0.0032495728228241205, 0.0031582792289555073, 0.003138698637485504, 0.003180447034537792, 0.003162197070196271, 0.0032387368846684694, 0.0030305113177746534, 0.0030672885477542877, 0.0029364556539803743, 0.0028978358022868633, 0.0029333133716136217, 0.003098395885899663, 0.0028236531652510166, 0.0027810032479465008, 0.0029170014895498753, 0.002713757799938321, 0.002684236504137516, 0.002724126912653446, 0.0026923720724880695, 0.0026273636613041162, 0.0027077856939285994, 0.0026995118241757154, 0.0025836641434580088, 0.002565491944551468, 0.0029569650068879128, 0.0028693540953099728, 0.0025424854829907417, 0.0025031117256730795, 0.002846359508112073, 0.0023917481303215027, 0.0024010364431887865],